QR_id,user_id,timestamp
1,33,2018-12-19 19:00:23
1,24,2018-11-13 22:02:49
1,25,2018-11-29 02:50:30
1,20,2018-12-16 15:22:26
1,44,2019-07-12 13:41:30
1,17,2018-12-17 10:02:31
1,20,2019-06-19 17:30:38
1,37,2019-07-14 16:39:38
1,4,2019-05-20 12:39:13
1,37,2019-07-23 20:26:27
1,32,2019-06-21 00:51:39
1,22,2019-03-07 20:51:36
1,23,2019-04-26 00:41:45
3,12,2019-04-11 11:27:37
3,48,2019-03-16 21:32:39
3,42,2019-02-14 20:32:44
3,43,2018-10-13 01:32:35
3,35,2019-02-06 02:43:58
3,19,2018-10-11 09:28:15
3,27,2018-11-10 20:29:23
3,39,2019-03-01 17:12:47
3,45,2019-01-15 18:32:50
3,13,2019-04-03 00:17:24
3,23,2019-05-28 21:05:37
3,35,2018-10-21 07:32:49
3,46,2019-03-27 15:06:32
3,39,2019-06-14 17:15:46
3,37,2019-06-13 05:33:49
3,2,2019-01-05 07:07:01
3,20,2019-02-11 19:42:16
3,6,2019-01-07 21:20:54
5,5,2018-10-20 01:34:08
5,36,2019-03-05 01:59:20
5,6,2019-04-27 19:11:17
5,43,2019-02-24 03:48:44
5,5,2018-10-14 09:42:26
5,41,2019-01-18 15:19:56
5,37,2018-12-15 02:01:02
5,10,2019-02-25 18:43:34
5,4,2019-03-09 18:37:00
5,32,2019-05-03 20:47:06
5,13,2019-05-10 13:41:27
5,17,2018-12-12 11:31:59
5,9,2019-04-01 16:50:27
7,13,2019-04-29 15:34:35
7,27,2019-04-23 13:24:31
7,10,2018-12-15 04:45:05
7,4,2019-01-12 11:47:41
7,16,2019-05-24 11:14:31
7,11,2019-06-13 00:49:03
7,33,2018-12-03 02:54:02
7,13,2019-07-06 08:24:03
7,30,2019-03-24 20:43:36
7,44,2018-11-19 10:17:31
7,40,2019-06-15 05:56:05
9,35,2019-03-16 06:53:39
9,25,2019-04-04 16:32:32
9,32,2019-07-23 14:04:39
9,3,2018-11-08 16:16:10
9,9,2019-01-29 19:55:53
9,16,2019-03-27 06:19:02
9,14,2018-11-26 09:05:31
9,42,2018-12-08 23:53:33
9,25,2019-04-08 18:30:57
9,23,2019-03-02 12:25:46
9,15,2019-04-20 01:06:48
9,38,2019-01-24 02:42:12
9,8,2018-11-26 22:02:04
9,14,2019-05-23 00:05:17
9,21,2019-07-11 23:35:12
9,50,2019-05-02 15:02:45
11,46,2019-03-16 15:53:55
11,43,2019-03-09 20:28:47
11,14,2019-03-23 21:54:11
11,25,2019-04-22 03:16:43
11,35,2019-03-24 00:31:30
11,2,2019-06-02 08:06:01
12,6,2018-12-07 14:57:23
12,36,2019-05-09 06:23:04
12,47,2019-02-09 07:42:41
12,33,2019-03-18 00:07:45
12,28,2018-12-16 17:48:29
12,37,2018-12-07 04:43:37
12,42,2019-06-20 23:39:48
12,14,2019-02-08 05:17:33
12,12,2018-12-13 23:12:01
12,43,2019-05-25 06:13:59
12,37,2019-04-18 21:26:09
12,24,2019-05-17 20:28:28
12,8,2019-06-30 15:00:35
12,12,2019-05-18 05:27:06
12,38,2019-04-05 01:24:21
12,45,2019-05-08 16:02:03
12,25,2019-05-02 09:11:00
12,13,2019-03-31 12:53:04
12,19,2019-07-08 02:27:55
14,2,2019-05-30 20:42:13
14,39,2019-07-21 10:18:32
14,11,2019-05-30 18:56:08
14,21,2019-04-23 17:40:29
14,47,2019-05-25 23:19:18
14,29,2019-04-29 06:47:58
14,23,2019-05-10 09:58:56
14,14,2019-05-17 06:09:23
14,47,2019-06-17 16:38:16
14,19,2019-04-08 23:34:52
14,41,2019-04-10 21:44:52
14,38,2019-01-25 06:54:37
14,24,2019-02-08 13:48:35
14,41,2018-12-03 16:43:07
14,33,2018-12-03 20:51:22
16,38,2019-03-21 04:36:24
16,1,2019-07-24 00:42:33
16,7,2019-01-17 03:05:21
16,21,2018-12-04 11:55:28
16,39,2019-01-23 07:48:10
16,32,2019-03-14 01:38:44
16,8,2019-01-14 14:07:41
16,45,2019-05-07 19:43:34
16,23,2019-06-01 04:21:06
16,7,2019-02-05 11:10:02
16,3,2019-01-04 03:57:14
16,46,2019-04-12 18:40:32
16,20,2019-03-20 16:17:18
16,42,2018-12-22 12:19:34
16,14,2019-06-20 17:24:49
16,42,2019-04-19 15:21:10
16,50,2019-02-16 23:23:10
16,25,2019-05-21 05:24:12
16,19,2019-07-03 07:19:01
16,41,2018-10-03 04:52:20
16,27,2019-05-08 03:41:41
18,18,2019-03-02 14:02:22
18,34,2019-05-05 15:08:05
18,37,2019-04-10 20:10:35
18,37,2019-02-03 06:51:09
18,14,2018-10-31 20:38:19
18,31,2019-06-21 08:11:49
18,16,2019-07-19 16:05:09
18,49,2019-05-22 16:57:02
18,50,2019-05-17 05:18:16
18,33,2019-06-23 12:55:16
18,20,2019-07-12 05:57:32
18,38,2018-11-14 20:49:18
18,49,2019-04-27 19:30:48
18,8,2019-01-09 22:45:57
18,20,2019-01-21 22:39:22
18,27,2019-02-12 20:24:16
18,10,2019-01-28 11:56:20
18,42,2018-11-28 06:43:29
20,37,2019-07-12 06:18:20
20,20,2019-02-12 03:22:03
20,41,2019-07-09 17:34:59
20,34,2019-02-10 14:06:47
20,25,2019-04-03 05:11:43
20,9,2018-12-19 00:46:32
20,18,2018-11-19 09:19:53
20,10,2019-02-20 03:32:52
20,47,2018-12-26 03:37:11
20,45,2019-02-11 21:57:58
20,23,2018-10-14 16:20:41
20,22,2019-06-10 13:13:04
20,10,2019-01-04 01:20:05
20,13,2018-10-19 07:33:26
20,34,2019-01-25 04:40:52
20,33,2019-05-22 17:13:50
20,3,2019-05-20 18:32:15
20,5,2019-05-25 19:59:19
20,20,2018-11-11 18:52:29
20,30,2019-06-07 22:55:16
20,26,2018-12-28 23:29:45
22,19,2018-10-14 05:42:37
22,25,2018-12-06 14:31:12
22,10,2019-04-22 09:14:04
22,16,2018-11-24 16:19:19
22,40,2019-05-02 07:00:42
22,25,2019-03-19 14:00:22
22,4,2019-06-10 06:46:18
22,4,2019-01-13 01:17:13
22,17,2019-06-10 22:19:00
22,8,2019-07-03 19:16:42
22,5,2018-12-29 03:24:49
22,13,2018-11-08 00:31:11
22,13,2018-10-20 09:49:28
22,3,2018-12-16 02:48:08
22,41,2019-07-02 23:20:41
22,29,2019-02-21 16:49:48
22,47,2019-07-23 23:30:36
22,2,2018-12-10 01:34:24
22,4,2019-06-25 01:05:16
22,30,2019-03-03 21:18:20
22,15,2019-01-18 13:43:15
24,37,2019-05-30 00:26:24
24,31,2018-12-04 13:30:02
24,29,2019-05-25 22:52:49
24,17,2019-07-14 16:12:16
24,24,2018-10-07 15:11:32
24,18,2019-03-12 05:27:55
24,3,2019-02-19 11:03:06
24,33,2019-07-20 21:02:13
24,43,2019-01-24 21:57:10
24,40,2019-04-23 20:15:49
24,35,2019-03-29 07:18:10
24,37,2018-10-28 14:37:02
24,29,2018-11-21 06:44:19
24,17,2018-12-22 03:47:54
24,33,2018-10-21 00:18:01
24,6,2018-10-22 16:46:05
24,15,2019-01-06 22:31:52
24,43,2019-07-22 05:31:07
24,17,2018-11-28 01:54:50
24,30,2018-11-18 01:14:35
24,48,2018-11-27 23:04:30
24,23,2019-05-15 22:54:57
26,5,2019-06-11 15:12:35
26,30,2018-12-21 01:30:52
26,40,2019-04-11 01:04:51
26,41,2019-03-06 13:24:43
26,15,2018-12-11 07:47:18
26,2,2019-02-06 12:47:23
26,22,2019-01-15 16:33:28
26,40,2019-02-12 04:27:00
26,18,2019-03-10 23:53:25
26,2,2019-01-11 04:45:43
26,44,2018-12-05 14:56:50
26,42,2018-10-26 07:15:07
27,49,2019-07-28 15:39:29
27,1,2018-12-31 20:02:41
27,31,2019-03-02 03:25:59
27,31,2019-05-15 18:54:42
27,9,2019-02-12 14:31:14
27,45,2019-06-20 13:30:34
27,45,2018-11-18 18:31:04
27,27,2019-03-17 08:23:36
27,12,2018-12-11 04:08:09
27,36,2019-03-02 09:17:08
27,31,2019-02-27 02:17:55
27,45,2018-11-23 18:42:16
27,34,2019-03-12 18:09:50
27,29,2018-12-31 23:31:44
27,17,2019-01-03 20:24:50
27,48,2018-12-14 16:02:34
27,38,2019-03-16 14:37:00
27,38,2018-11-30 15:50:58
29,45,2018-12-12 14:15:55
29,28,2019-05-29 22:40:09
29,6,2019-04-15 21:55:22
29,22,2018-10-15 21:01:55
29,48,2019-03-14 07:07:49
29,19,2019-04-09 05:32:26
29,8,2019-06-23 17:32:02
29,20,2019-03-09 23:34:27
29,11,2018-12-22 04:54:29
29,14,2019-06-22 10:54:38
29,22,2018-11-15 06:06:26
30,25,2019-04-09 04:07:07
30,26,2019-05-28 15:12:45
30,21,2019-04-25 19:09:59
30,21,2019-05-23 04:09:14
30,29,2019-06-28 06:30:48
30,3,2019-04-21 21:42:35
30,31,2019-06-14 02:24:43
30,19,2019-04-13 13:47:09
30,2,2018-12-11 00:41:24
30,28,2018-11-05 22:31:55
30,43,2019-01-25 14:37:46
30,34,2019-01-02 02:29:14
30,34,2018-12-13 03:39:42
30,7,2019-05-10 14:37:16
30,25,2018-10-23 04:50:17
30,4,2019-02-21 01:23:09
30,36,2018-12-30 21:53:24
30,48,2018-12-12 09:09:55
32,48,2018-11-04 03:32:16
32,11,2019-05-27 17:38:47
32,9,2019-02-16 14:42:57
32,47,2019-01-15 23:52:57
32,30,2019-07-18 12:44:05
32,48,2019-01-21 18:50:05
32,34,2019-04-09 14:54:17
32,3,2019-02-09 00:28:27
32,28,2018-11-10 23:44:28
32,17,2019-06-30 00:19:03
32,3,2019-01-17 13:09:47
32,24,2019-01-11 06:36:46
32,4,2019-02-23 13:17:22
32,16,2019-02-20 04:55:54
32,28,2019-07-19 04:34:21
34,35,2019-04-03 17:13:01
34,46,2018-12-03 07:32:29
34,13,2019-05-10 09:49:18
34,14,2019-02-13 17:13:43
34,49,2019-01-23 06:57:52
34,21,2019-06-02 01:30:26
34,12,2019-01-27 01:34:22
34,14,2019-02-24 21:30:55
34,32,2019-05-04 07:57:31
34,21,2019-07-06 19:45:46
34,41,2018-10-04 10:58:16
34,21,2019-06-12 14:49:54
34,4,2019-07-02 03:09:17
34,32,2019-04-02 22:58:52
36,34,2019-03-31 11:21:11
36,11,2018-10-08 12:29:12
36,6,2019-05-17 14:55:00
36,10,2019-04-08 05:26:05
36,14,2018-12-17 03:48:05
36,5,2019-03-10 20:59:17
36,8,2018-10-10 05:16:28
36,31,2018-12-16 17:39:57
36,41,2018-12-31 06:28:42
36,45,2019-04-29 21:31:15
36,39,2019-07-09 18:37:40
36,40,2019-06-16 20:52:10
36,27,2019-02-14 09:45:04
36,5,2019-04-15 14:20:41
36,28,2019-04-03 13:16:19
36,14,2019-02-12 19:20:13
36,31,2018-10-14 19:23:29
36,29,2018-12-20 15:45:22
36,44,2018-12-24 08:08:23
36,22,2019-07-13 18:12:53
36,14,2019-05-11 14:09:47
36,46,2019-06-16 18:45:03
36,10,2018-10-03 03:01:18
36,45,2019-01-01 17:55:09
36,32,2019-05-18 10:31:05
36,31,2019-02-17 17:32:28
36,37,2018-10-24 20:11:53
36,4,2018-10-17 09:07:28
36,1,2019-01-23 11:37:35
38,46,2019-03-29 08:12:36
38,6,2019-07-06 02:10:45
38,41,2018-10-16 11:11:59
38,8,2019-07-06 02:36:17
38,38,2019-02-25 23:34:41
38,5,2018-11-25 22:41:05
38,33,2018-12-29 06:50:48
38,30,2019-04-11 01:18:21
38,30,2018-12-26 00:35:02
38,22,2018-12-02 03:42:25
38,19,2019-04-01 07:54:24
38,11,2019-04-24 05:20:34
38,11,2018-12-22 08:00:53
38,36,2018-10-10 03:37:09
38,34,2019-07-02 08:41:49
38,17,2018-10-27 19:22:09
38,20,2019-02-12 01:04:45
38,26,2019-01-26 08:20:42
38,48,2019-05-07 23:45:08
38,36,2019-01-29 20:53:15
38,15,2019-07-10 18:50:31
38,21,2018-10-23 02:58:36
38,22,2018-11-24 10:52:25
38,18,2019-05-08 19:32:20
40,2,2018-11-05 21:52:47
40,5,2018-12-20 03:33:18
40,48,2018-12-01 00:22:21
40,38,2019-06-12 07:03:34
40,3,2018-12-22 10:06:27
40,43,2018-11-02 04:23:30
40,48,2018-11-03 17:56:02
40,30,2019-07-07 06:33:40
40,37,2018-12-03 07:15:16
40,21,2019-02-07 05:51:17
42,19,2019-01-21 23:11:23
42,31,2018-12-12 09:55:11
42,18,2018-11-08 04:42:46
42,36,2019-06-07 23:39:06
42,14,2018-12-15 01:39:01
42,23,2019-03-01 14:00:59
42,21,2019-07-27 17:27:41
42,4,2018-11-01 21:30:02
42,31,2019-07-22 23:04:27
42,8,2018-12-18 01:10:29
42,43,2019-01-17 19:19:12
42,8,2019-02-02 05:43:46
42,20,2018-10-15 23:05:46
42,33,2019-01-02 00:30:55
42,4,2019-02-21 04:40:50
42,16,2019-01-12 23:10:33
42,38,2019-05-15 03:52:50
42,4,2019-04-10 19:26:00
44,5,2019-05-04 06:52:51
44,16,2019-03-26 00:50:15
44,35,2019-03-19 08:54:48
44,23,2019-06-13 21:25:10
44,4,2019-05-21 20:58:18
44,6,2019-04-14 06:05:06
44,29,2019-01-08 04:01:52
44,37,2019-07-10 22:47:41
44,31,2019-01-01 14:28:03
44,15,2019-05-14 05:37:07
44,42,2018-10-29 04:54:01
44,15,2018-12-06 02:15:45
44,3,2018-12-28 22:34:50
46,13,2019-05-20 20:16:33
46,28,2018-12-12 10:40:29
46,31,2019-01-21 21:17:51
46,43,2019-01-14 21:27:30
46,33,2019-05-30 09:53:31
46,20,2019-05-19 01:56:50
46,39,2019-02-02 22:19:59
46,40,2019-04-26 01:12:18
46,44,2019-07-21 22:16:22
46,22,2018-12-22 21:18:32
46,17,2019-02-14 07:51:30
46,36,2019-06-25 06:34:22
46,28,2019-05-30 21:33:57
46,8,2019-02-27 09:39:31
46,35,2019-01-18 16:35:47
46,38,2018-12-27 01:44:59
46,7,2019-02-09 18:49:19
46,6,2019-02-15 14:14:57
46,42,2019-01-15 08:02:37
46,39,2019-07-25 15:37:41
48,14,2019-01-27 00:23:25
48,13,2018-11-15 13:49:22
48,26,2019-05-18 00:13:55
48,36,2019-01-06 12:48:26
48,2,2018-12-28 16:01:38
48,13,2019-05-08 01:05:43
48,33,2018-10-04 19:23:05
48,44,2019-07-21 04:29:55
48,44,2019-07-24 07:29:28
48,41,2018-11-09 19:11:41
48,43,2019-04-28 04:42:31
48,44,2019-06-19 04:07:25
48,35,2019-07-25 10:37:32
48,9,2018-11-08 22:56:43
48,38,2018-12-21 13:48:17
48,17,2019-05-20 04:16:08
48,45,2018-12-04 10:44:36
48,14,2019-05-12 07:46:03
48,25,2019-07-18 11:49:35
50,41,2018-12-24 05:23:47
50,32,2018-10-26 06:04:56
50,46,2019-01-08 05:20:25
50,29,2018-11-05 03:41:56
50,48,2019-05-15 11:04:58
50,49,2019-04-20 15:46:26
50,25,2018-12-06 18:42:47
50,11,2018-10-03 19:12:53
50,50,2019-03-10 12:31:27
50,8,2019-07-19 02:55:31
50,4,2019-07-06 21:01:45
50,9,2019-01-28 06:13:53
50,33,2019-01-23 03:49:07
50,13,2019-07-23 21:41:21
50,32,2019-06-14 12:42:42
50,45,2019-01-11 08:48:18
50,47,2019-01-10 03:32:55
52,33,2018-11-09 07:43:36
52,32,2019-06-19 01:24:02
52,1,2018-12-02 04:29:10
52,26,2018-11-21 03:53:30
52,12,2019-07-07 04:03:27
52,36,2019-01-15 07:14:32
52,20,2019-06-01 04:44:13
52,11,2019-03-14 21:45:36
52,44,2019-06-29 06:09:54
52,20,2019-05-25 21:59:39
52,8,2018-11-26 20:24:41
52,7,2019-03-02 14:24:53
52,32,2018-10-23 04:17:50
52,5,2019-04-13 12:04:46
52,8,2019-07-19 01:41:06
52,45,2019-05-03 13:22:05
52,36,2019-07-24 12:46:12
52,10,2019-05-07 16:57:03
52,8,2018-11-28 15:06:59
52,13,2019-07-24 04:01:13
54,35,2019-04-30 22:15:43
54,21,2019-03-09 02:26:39
54,23,2019-01-21 00:28:27
54,29,2019-04-05 18:48:56
54,29,2019-03-07 09:37:27
54,19,2018-11-26 04:26:01
54,11,2019-03-04 20:35:25
54,46,2019-01-04 13:50:29
54,25,2019-06-24 23:45:03
54,38,2018-12-30 23:49:26
54,9,2019-05-24 11:21:57
54,4,2019-01-23 05:30:22
54,29,2019-07-17 06:49:27
54,39,2019-05-07 03:36:31
54,20,2019-04-09 00:58:06
54,16,2019-05-02 07:47:40
54,30,2019-07-06 10:18:46
54,50,2019-04-21 04:55:30
54,48,2018-12-29 05:52:07
54,40,2019-03-21 12:54:55
56,42,2018-11-03 21:50:06
56,30,2018-10-06 08:27:00
56,41,2018-11-04 21:47:24
56,44,2019-05-08 04:13:34
56,48,2019-06-09 13:27:55
56,29,2019-06-30 19:10:31
56,39,2019-07-05 07:43:57
56,16,2019-04-21 10:38:00
56,2,2019-02-10 16:35:23
56,5,2019-01-13 04:34:43
56,38,2019-03-17 22:41:07
56,34,2019-05-20 06:13:02
56,15,2019-05-24 02:45:36
56,3,2018-12-01 20:23:15
56,31,2019-07-03 21:32:03
57,46,2019-01-15 20:28:56
57,20,2018-10-05 07:06:36
57,28,2019-04-27 11:50:15
57,37,2018-10-03 19:54:59
57,43,2019-06-01 19:36:08
57,29,2018-11-17 10:30:03
57,4,2019-07-27 03:59:24
57,45,2019-04-20 08:04:43
57,16,2019-01-24 10:44:33
57,27,2019-04-11 22:58:19
57,15,2018-11-13 04:04:33
57,37,2019-01-28 21:39:41
57,25,2019-05-30 02:15:35
57,48,2019-07-14 22:11:46
57,11,2019-03-24 13:06:47
57,41,2019-03-22 07:08:58
57,45,2018-11-25 10:33:42
57,34,2019-02-06 11:53:24
59,8,2019-01-08 12:33:04
59,32,2019-06-05 02:23:46
59,28,2018-12-20 21:49:27
59,25,2018-12-11 00:31:34
59,27,2019-07-01 03:46:24
59,32,2019-02-10 21:23:40
59,49,2018-12-29 14:09:22
59,40,2019-06-17 22:23:03
59,30,2019-03-20 13:20:06
59,35,2019-07-23 14:18:49
59,4,2019-06-30 16:45:54
59,33,2018-11-28 10:26:30
59,34,2019-06-06 12:03:07
59,39,2019-04-10 04:03:24
59,39,2019-02-14 11:07:27
59,38,2018-11-29 10:34:27
59,26,2019-07-27 01:11:24
59,46,2019-03-26 11:42:12
59,39,2018-12-23 06:47:26
61,21,2019-04-07 07:54:43
61,21,2019-02-23 07:35:51
61,10,2019-02-02 00:42:24
61,10,2019-02-06 12:50:41
61,6,2018-10-06 02:42:44
61,9,2018-10-01 00:20:26
61,16,2019-01-14 22:22:10
61,9,2018-10-28 01:04:57
61,18,2019-03-13 19:10:15
61,17,2019-04-11 19:53:06
61,45,2019-06-12 20:26:09
61,24,2018-10-02 00:11:06
61,7,2019-06-10 19:59:32
61,40,2018-10-11 06:21:32
61,29,2018-12-31 04:07:55
61,30,2019-06-08 09:37:00
63,12,2019-04-07 07:17:19
63,5,2019-01-05 04:09:42
63,12,2019-04-24 13:36:13
63,18,2018-12-12 02:48:46
63,49,2019-07-02 09:51:36
63,23,2019-01-04 02:04:50
63,4,2018-12-24 14:12:21
63,14,2018-10-04 07:23:43
63,18,2019-07-07 07:17:42
63,37,2019-04-15 03:36:53
63,9,2019-06-20 09:03:29
63,45,2019-01-15 22:19:20
63,26,2019-02-08 21:17:36
63,37,2018-11-30 12:23:01
63,6,2019-07-07 20:03:54
63,36,2018-12-29 23:29:48
63,39,2019-01-17 23:02:27
63,27,2019-01-29 13:16:27
63,24,2019-02-08 09:50:17
63,3,2018-10-06 14:22:18
63,49,2019-01-05 19:44:19
63,41,2019-06-24 09:18:15
63,37,2018-12-15 03:28:31
63,49,2019-03-21 06:47:03
63,37,2018-10-31 13:35:50
63,17,2019-01-25 02:07:24
63,8,2018-11-20 14:40:45
63,28,2019-03-24 18:55:39
63,6,2019-04-20 02:08:53
63,21,2019-03-28 09:47:39
63,8,2019-04-21 00:09:14
63,6,2019-03-24 11:31:10
65,25,2019-04-10 04:39:42
65,41,2018-11-30 21:52:05
65,29,2019-02-17 11:38:04
65,24,2018-12-21 18:34:12
65,8,2019-04-06 03:40:17
65,11,2018-12-25 02:02:36
65,14,2018-11-25 09:48:31
65,44,2019-01-20 08:37:26
65,27,2019-07-26 02:48:09
65,8,2019-02-14 15:39:54
65,10,2019-07-21 11:26:17
65,19,2019-01-26 09:02:51
65,7,2019-05-18 05:47:29
67,8,2018-10-25 16:08:58
67,22,2019-06-06 13:35:28
67,1,2019-06-02 01:35:51
67,37,2019-07-24 19:06:32
67,44,2019-07-03 20:32:45
67,39,2018-10-02 22:48:19
67,42,2019-06-07 19:30:04
67,7,2019-05-28 21:42:54
67,47,2019-02-05 20:14:08
67,3,2018-11-03 23:53:31
67,7,2019-02-09 00:42:35
67,21,2019-04-10 04:48:47
67,35,2018-12-09 13:00:54
67,37,2018-10-21 16:26:50
67,31,2019-02-21 12:50:54
67,6,2019-03-14 07:06:54
67,12,2019-02-27 11:28:58
69,47,2019-02-24 05:08:07
69,5,2019-07-21 18:32:26
69,33,2019-01-29 20:14:46
69,24,2019-01-07 03:05:25
69,32,2019-05-21 05:42:06
69,12,2019-05-22 02:40:20
69,6,2019-02-15 22:38:47
69,43,2018-10-09 11:43:52
69,26,2019-04-27 09:42:19
69,20,2019-01-11 06:00:48
69,5,2019-01-29 23:19:03
71,28,2018-10-15 22:58:41
71,32,2018-12-16 11:08:54
71,34,2019-02-21 18:01:44
71,25,2019-07-26 21:53:56
71,32,2018-12-06 04:25:59
71,29,2018-11-13 02:12:15
71,42,2019-04-18 12:45:04
72,28,2019-03-28 02:51:23
72,36,2018-12-25 06:59:01
72,12,2018-11-02 12:03:29
72,4,2019-06-20 16:50:29
72,6,2019-01-06 01:19:30
72,42,2019-03-22 22:25:33
72,18,2019-06-19 16:13:50
72,22,2018-10-09 16:35:46
73,16,2019-06-26 18:06:59
73,2,2018-10-23 07:09:57
73,2,2019-06-30 01:45:53
73,18,2019-04-29 20:07:39
73,16,2019-06-05 02:27:31
73,15,2019-07-23 16:28:40
73,49,2019-04-08 21:17:58
73,32,2018-11-26 04:39:31
73,38,2019-02-27 03:05:08
73,8,2019-02-28 05:59:11
73,11,2019-06-06 22:52:18
73,36,2019-04-02 02:53:32
75,15,2018-11-04 23:07:00
75,6,2018-10-05 03:48:59
75,48,2019-05-21 00:06:55
75,2,2019-03-23 12:17:48
75,42,2019-01-08 06:23:30
75,41,2019-07-08 10:18:26
75,2,2018-11-19 01:05:11
75,35,2019-05-06 03:02:25
75,39,2018-10-31 19:47:46
75,24,2019-03-09 21:16:49
75,8,2019-05-09 20:28:07
75,35,2018-10-23 20:34:04
75,22,2019-07-16 01:56:41
75,38,2019-01-01 03:41:20
75,42,2019-03-17 02:27:10
75,11,2018-11-08 22:13:20
75,45,2019-01-18 12:48:03
75,18,2018-10-11 05:20:27
75,40,2019-01-11 02:14:51
75,14,2019-03-19 07:05:35
75,21,2018-11-20 11:40:20
75,7,2019-07-22 05:45:45
75,35,2019-07-19 17:57:41
75,24,2018-12-07 10:06:52
75,42,2019-03-21 05:13:45
75,21,2018-11-29 04:18:56
75,43,2019-07-04 04:58:42
77,32,2019-05-14 11:17:20
77,15,2019-05-30 18:46:35
77,28,2019-03-25 04:34:31
77,17,2019-01-15 03:45:36
77,40,2019-06-19 11:32:32
77,41,2019-05-13 04:47:27
77,7,2019-02-07 11:49:53
77,34,2019-07-24 09:29:21
77,14,2019-06-18 04:11:45
77,7,2018-10-04 23:28:23
77,3,2018-11-25 19:46:05
77,15,2019-07-17 14:01:35
77,36,2019-07-07 08:22:19
77,27,2018-10-24 09:42:30
77,48,2019-04-26 14:06:32
77,13,2019-02-02 00:52:43
77,45,2019-01-24 10:12:07
79,19,2018-10-17 08:00:44
79,4,2019-06-24 22:19:35
79,7,2018-12-24 18:20:41
79,9,2019-03-12 06:22:34
79,38,2019-06-25 13:12:31
79,5,2019-02-26 00:41:23
79,36,2018-10-27 07:57:41
79,46,2019-03-17 14:04:50
80,7,2019-03-06 19:25:13
80,44,2019-06-15 05:15:39
80,13,2019-05-25 17:30:44
80,10,2019-04-10 22:50:07
80,9,2019-04-20 13:54:24
80,40,2019-04-28 00:34:03
80,45,2019-03-25 16:44:19
80,34,2019-05-15 16:21:47
80,12,2019-03-02 15:59:55
80,28,2019-06-06 07:22:14
80,28,2018-12-28 01:28:20
80,24,2019-02-07 02:45:28
80,12,2019-04-10 01:15:20
80,5,2019-02-17 19:37:28
80,2,2019-03-03 12:44:00
80,1,2019-01-10 06:11:54
80,48,2019-03-11 16:51:56
80,6,2018-12-12 16:10:11
80,17,2019-06-23 07:21:16
80,6,2019-05-05 05:48:37
80,9,2019-07-13 20:05:16
82,19,2018-10-06 14:01:59
82,23,2018-10-27 10:53:59
82,19,2019-02-22 16:22:40
82,44,2019-07-16 04:34:50
82,37,2019-05-16 11:30:30
82,7,2019-05-08 12:57:43
82,4,2019-06-13 10:48:33
82,44,2019-04-19 19:59:00
82,38,2018-11-06 17:56:37
82,18,2018-11-29 23:50:47
82,5,2018-10-11 07:39:48
82,20,2018-11-15 13:35:13
82,24,2018-10-07 23:17:46
82,22,2019-05-23 19:34:43
82,4,2018-11-21 07:32:44
82,4,2018-12-28 15:41:15
82,32,2019-01-17 04:25:45
84,31,2019-06-22 12:18:42
84,18,2018-12-06 08:56:26
84,32,2019-01-02 12:09:56
84,28,2018-12-31 18:18:56
84,20,2019-01-09 19:44:36
84,44,2018-10-19 07:05:06
84,8,2018-11-24 11:50:05
84,13,2019-05-04 22:12:02
84,13,2019-02-10 07:42:01
84,34,2019-01-08 01:23:02
84,1,2018-12-24 15:17:47
84,20,2019-03-23 08:34:01
86,8,2019-02-01 04:41:11
86,38,2019-06-10 15:03:40
86,19,2019-05-21 06:01:02
86,2,2019-04-10 19:28:26
86,44,2019-02-03 02:34:08
86,9,2019-04-08 08:04:54
86,27,2018-11-10 16:20:29
86,13,2018-11-23 17:32:07
86,28,2019-07-20 19:26:31
86,27,2019-02-20 02:24:06
86,40,2019-07-05 19:15:06
86,37,2019-07-28 21:31:57
86,26,2019-06-07 21:43:08
88,21,2019-03-29 19:42:29
88,34,2019-03-04 22:20:48
88,33,2019-06-12 11:37:33
88,50,2019-01-08 21:29:15
88,34,2019-05-05 12:35:34
88,40,2019-01-28 22:44:20
88,31,2019-06-28 14:25:11
88,9,2018-12-12 23:06:15
88,17,2019-02-09 13:47:36
88,45,2019-03-01 07:48:53
89,28,2018-11-01 19:04:48
89,37,2019-01-15 01:02:59
89,21,2019-04-22 08:49:25
89,27,2018-12-06 22:33:32
89,38,2018-12-07 20:26:51
89,39,2018-10-31 13:39:53
89,33,2019-06-23 17:44:06
89,39,2019-01-01 06:00:18
89,42,2018-12-30 19:37:55
89,6,2018-12-29 14:47:57
90,32,2019-07-03 13:02:42
90,25,2019-01-10 02:29:46
90,4,2018-11-03 07:20:08
90,37,2019-03-13 09:36:11
90,49,2019-02-25 00:33:49
90,25,2019-03-04 12:01:48
90,45,2019-05-20 04:35:14
90,8,2019-02-03 09:49:55
90,1,2019-05-05 19:37:41
90,17,2019-01-05 19:21:48
90,8,2019-02-13 02:53:29
90,11,2019-03-08 14:45:16
90,7,2018-12-07 16:57:00
90,3,2019-05-23 02:56:24
90,19,2018-10-14 16:17:19
90,37,2018-10-22 21:33:44
90,22,2019-01-06 02:25:20
92,4,2019-01-25 11:49:31
92,48,2019-03-04 05:06:36
92,28,2019-07-08 23:37:20
92,36,2018-12-22 07:16:55
92,18,2019-04-28 00:03:28
92,30,2019-06-27 14:53:47
92,17,2018-11-09 17:52:19
92,49,2019-01-10 14:59:18
92,49,2018-12-21 16:04:14
92,43,2019-04-28 18:28:51
92,6,2019-03-19 03:12:03
92,20,2019-05-18 07:51:42
92,31,2019-06-14 01:23:19
92,16,2019-01-30 09:42:25
92,13,2019-03-22 05:55:26
92,1,2019-03-09 05:05:54
92,30,2019-01-03 09:38:05
92,32,2019-07-04 03:00:08
92,35,2018-10-26 23:18:41
94,50,2019-07-01 18:55:36
94,36,2019-06-09 09:45:37
94,18,2019-02-28 03:55:21
94,4,2018-11-15 04:50:39
94,35,2019-03-26 09:03:47
94,6,2019-02-02 03:50:46
94,14,2019-01-09 05:20:11
94,26,2019-05-05 01:57:00
94,32,2019-07-16 11:36:50
94,22,2019-04-09 06:20:25
94,40,2019-03-27 05:49:50
94,8,2019-01-02 15:31:44
94,49,2019-04-20 19:02:25
94,1,2019-04-11 04:35:57
94,14,2019-03-22 03:15:42
94,19,2018-11-30 17:36:10
94,7,2019-01-17 14:17:42
94,37,2018-11-20 09:48:10
96,15,2019-02-26 12:30:52
96,47,2018-10-15 11:39:55
96,13,2018-11-21 23:18:51
96,38,2019-04-13 01:44:25
96,17,2019-03-17 05:46:29
96,43,2019-01-26 14:56:25
96,48,2018-12-15 22:40:18
96,29,2019-03-15 11:49:51
97,26,2019-07-24 08:19:20
97,49,2018-12-27 16:21:55
97,30,2019-02-16 00:41:33
97,21,2019-03-07 22:47:28
97,20,2019-03-09 07:17:48
97,16,2019-04-05 16:15:48
97,37,2018-12-05 00:29:58
97,9,2019-03-14 15:59:23
97,46,2018-10-02 17:49:08
97,8,2019-07-20 14:41:22
97,14,2019-05-30 14:45:30
97,39,2019-01-23 11:03:56
97,22,2018-12-13 02:17:16
97,44,2019-01-13 11:23:39
97,5,2019-02-06 12:11:05
97,9,2018-10-11 01:38:24
99,11,2019-04-06 16:14:29
99,4,2019-07-02 21:21:39
99,20,2018-11-23 19:59:49
99,25,2018-11-27 02:09:30
99,26,2019-02-27 16:07:22
99,35,2019-03-15 12:16:38
99,30,2019-01-06 02:31:20
99,32,2019-07-16 03:53:27
99,41,2019-07-10 05:53:47
99,19,2019-03-05 14:48:41
99,5,2019-03-21 13:33:20
99,22,2018-12-13 07:18:47
101,4,2019-04-13 21:21:17
101,17,2018-10-22 18:52:33
101,20,2018-10-05 22:19:13
101,26,2019-05-05 17:09:22
101,48,2019-02-25 07:02:41
101,50,2019-03-24 19:00:36
101,50,2019-06-09 01:03:10
101,19,2019-05-04 15:14:53
101,44,2018-10-15 10:57:18
101,25,2019-01-04 11:30:20
101,45,2019-07-14 16:20:32
101,11,2019-06-19 07:39:32
101,49,2019-07-05 03:09:32
101,11,2018-10-29 20:47:12
101,8,2019-03-14 03:59:49
101,48,2019-06-03 13:37:54
101,4,2018-12-13 06:49:45
101,28,2019-06-02 04:55:58
103,26,2018-11-10 06:28:32
103,25,2019-04-01 19:08:25
103,7,2019-06-23 13:15:34
103,40,2019-04-16 02:52:17
103,5,2019-04-05 11:06:37
103,43,2018-12-08 02:04:59
103,18,2019-07-23 10:52:58
103,42,2019-05-29 11:06:50
103,46,2018-11-30 08:42:14
103,49,2019-04-02 04:50:04
103,26,2019-03-18 17:00:36
103,14,2019-07-04 01:45:22
103,39,2019-02-23 06:53:58
103,30,2018-10-19 02:59:04
103,50,2019-03-31 10:00:46
103,35,2019-04-03 11:23:16
105,47,2018-10-04 12:11:32
105,3,2018-11-07 02:45:39
105,31,2019-03-12 10:11:56
105,35,2018-10-05 18:31:57
105,22,2019-03-16 22:35:35
105,41,2019-01-02 12:25:17
105,41,2018-11-25 13:46:38
105,33,2019-04-21 07:55:00
105,45,2019-03-18 22:56:51
105,23,2019-04-03 12:27:40
105,3,2018-12-13 15:27:46
105,30,2019-06-30 12:33:12
105,25,2019-06-03 07:18:40
105,42,2018-12-26 12:37:44
107,25,2019-03-28 11:30:44
107,9,2018-12-03 12:01:50
107,3,2019-06-19 04:41:47
107,25,2018-11-11 16:45:22
107,43,2019-03-12 12:01:03
107,5,2019-05-22 16:08:38
107,13,2018-10-09 06:35:10
107,11,2018-12-22 05:27:29
107,12,2019-01-09 23:39:08
107,45,2019-04-04 13:30:09
107,28,2019-07-18 14:21:40
107,22,2018-12-06 10:54:11
107,38,2019-07-28 03:25:08
107,4,2019-02-25 02:06:10
107,29,2019-05-14 17:04:33
107,22,2019-04-06 13:23:00
107,48,2018-11-21 03:35:21
109,7,2019-01-19 03:46:12
109,10,2019-04-23 08:22:40
109,12,2019-05-06 18:47:49
109,11,2019-03-27 18:17:41
109,38,2019-01-21 17:25:30
109,39,2018-11-27 11:11:13
109,12,2019-03-01 12:00:15
109,35,2018-11-26 02:05:40
109,16,2019-05-12 17:55:51
109,13,2019-02-12 09:13:01
109,3,2019-07-25 20:21:09
109,25,2018-11-15 07:09:56
109,20,2018-11-29 08:53:20
111,37,2019-02-03 17:57:29
111,10,2019-06-28 10:00:32
111,45,2019-05-03 05:41:26
111,1,2019-07-18 19:35:42
111,22,2019-05-28 09:41:49
111,40,2018-10-11 10:13:44
111,33,2018-10-31 07:02:39
111,39,2019-04-27 06:48:05
111,15,2018-12-23 07:37:53
111,8,2019-07-04 09:25:20
111,30,2019-01-06 06:07:35
111,24,2019-07-14 10:24:15
111,12,2019-03-25 18:25:28
111,8,2018-11-29 14:56:05
111,2,2019-05-05 18:46:41
111,35,2019-04-27 03:31:00
111,12,2019-02-10 12:33:39
111,33,2019-07-27 09:30:42
111,2,2019-07-28 01:57:30
111,48,2018-11-20 21:46:39
111,43,2019-05-23 02:10:44
112,20,2019-04-11 02:43:05
112,29,2018-12-14 13:51:19
112,34,2018-12-12 14:09:39
112,36,2019-01-21 09:15:56
112,36,2019-07-07 21:37:00
112,17,2019-03-13 08:43:32
112,7,2019-01-24 17:00:47
112,9,2019-06-27 06:28:49
112,45,2018-11-13 00:13:39
112,11,2019-01-15 13:00:10
112,44,2019-05-16 20:49:09
112,13,2019-06-15 06:53:41
112,2,2019-05-28 15:10:50
112,48,2019-05-06 05:46:45
112,13,2018-12-05 11:49:05
112,44,2019-07-18 07:42:55
112,47,2019-02-28 08:05:51
112,17,2019-03-21 18:30:45
112,40,2019-03-30 08:08:22
112,4,2018-11-29 09:04:33
112,50,2019-07-02 01:42:57
112,24,2019-04-27 03:01:10
112,49,2019-05-27 16:51:05
112,18,2019-04-01 03:55:06
112,8,2019-01-03 04:43:53
112,39,2019-01-12 14:43:23
112,37,2019-05-04 15:40:31
112,17,2019-03-03 05:22:17
112,1,2018-12-30 22:09:19
112,7,2019-02-25 10:58:27
112,39,2019-06-20 09:25:23
112,28,2019-06-14 17:28:58
112,19,2018-10-06 16:48:29
112,35,2019-07-19 06:44:36
112,8,2019-03-25 00:38:47
112,50,2019-04-22 08:20:28
112,10,2019-02-12 19:27:48
112,49,2019-07-24 05:46:43
112,35,2019-02-05 20:34:42
113,4,2019-07-27 08:50:27
113,18,2018-11-03 00:58:25
113,37,2019-05-26 06:02:10
113,10,2019-01-03 13:25:40
113,50,2019-06-02 13:42:49
113,24,2019-01-28 18:31:38
113,1,2019-06-26 13:49:12
113,17,2018-10-01 03:38:13
113,18,2019-03-27 02:49:18
113,8,2019-01-11 16:37:55
113,19,2018-11-10 14:59:58
113,20,2019-05-20 22:30:37
113,27,2019-02-07 03:13:58
113,19,2019-01-25 06:29:43
113,30,2019-05-19 01:04:23
113,8,2019-03-28 03:15:18
113,13,2019-01-27 04:34:50
113,15,2018-11-06 03:06:36
115,40,2019-07-12 04:23:30
115,9,2019-05-12 05:36:11
115,36,2019-06-19 21:31:46
115,33,2018-11-26 16:17:02
115,30,2019-06-26 13:52:52
115,40,2019-07-06 11:01:19
115,28,2019-01-04 00:14:25
115,16,2018-11-05 02:57:55
115,4,2018-10-09 11:39:42
115,7,2018-10-30 20:22:35
115,12,2019-06-23 15:50:45
115,32,2019-07-10 07:01:12
116,18,2019-02-04 10:06:38
116,44,2019-03-04 22:07:18
116,4,2019-03-14 02:36:35
116,38,2019-05-08 21:03:47
116,35,2019-02-25 11:19:32
116,6,2019-03-29 14:11:12
116,41,2019-05-22 18:12:57
116,28,2018-11-26 08:30:10
116,20,2019-06-09 19:21:36
116,47,2019-06-06 23:57:42
116,47,2019-01-09 11:44:51
116,28,2019-05-17 20:59:04
117,44,2018-11-29 16:09:35
117,15,2019-07-07 03:40:58
117,47,2018-12-07 13:41:27
117,40,2019-05-31 17:17:03
117,33,2018-12-30 19:57:25
117,18,2019-05-12 19:39:52
117,31,2019-01-25 01:35:10
117,30,2019-02-14 17:43:30
117,6,2019-03-31 01:13:18
117,28,2018-10-25 22:08:42
118,8,2019-03-06 07:37:13
118,17,2018-10-20 00:16:38
118,33,2019-06-08 17:21:48
118,22,2018-12-04 10:01:08
118,23,2019-03-01 13:05:03
118,25,2019-04-04 00:35:06
119,9,2019-02-18 00:45:02
119,4,2019-06-22 10:56:31
119,14,2018-10-20 22:18:27
119,4,2019-04-16 01:14:02
119,46,2019-02-23 15:57:34
119,33,2019-06-16 07:13:30
119,13,2019-01-02 04:46:14
119,37,2019-06-28 03:24:33
119,47,2019-06-17 03:07:55
119,50,2019-03-25 10:26:20
119,15,2018-12-19 13:58:20
119,8,2019-02-18 01:12:42
120,5,2019-01-12 07:52:25
120,6,2018-10-11 18:01:25
120,15,2019-03-09 03:05:16
120,8,2019-07-19 15:22:33
120,32,2018-12-17 10:12:03
120,17,2018-10-08 20:39:35
120,48,2019-03-21 02:20:03
120,44,2019-07-13 23:59:39
120,10,2018-12-31 07:44:43
120,34,2019-05-15 23:05:13
120,39,2019-07-20 10:16:15
120,4,2019-06-29 05:16:33
120,40,2019-06-20 15:33:09
120,13,2018-10-09 18:57:53
120,10,2019-06-12 04:07:02
120,40,2018-11-22 19:04:29
120,48,2019-06-24 18:03:24
120,49,2019-02-14 12:14:53
120,46,2019-05-20 10:42:48
120,30,2019-05-20 11:34:57
122,16,2019-02-28 22:48:37
122,27,2019-07-19 10:19:15
122,43,2019-05-18 09:30:09
122,11,2019-05-21 16:41:33
122,23,2019-03-18 02:57:59
122,13,2018-10-31 08:53:03
122,17,2019-02-09 09:48:35
122,28,2018-11-19 18:48:22
122,50,2019-04-02 20:41:43
122,30,2018-11-28 18:10:40
122,6,2019-06-02 16:15:08
122,17,2019-05-28 07:25:47
122,8,2018-12-12 01:33:04
122,5,2019-06-27 23:03:30
122,29,2019-02-27 15:51:56
123,44,2018-12-19 14:36:57
123,48,2018-11-23 20:37:47
123,16,2018-10-18 11:55:25
123,13,2018-10-14 19:18:05
123,5,2019-05-13 04:07:59
124,7,2018-10-08 07:48:42
124,21,2019-04-29 22:28:11
124,29,2019-07-04 19:04:29
124,42,2019-07-24 04:16:33
124,13,2019-03-10 22:50:19
124,37,2019-05-11 02:15:16
124,18,2018-12-27 00:26:13
124,33,2019-01-11 03:14:32
124,10,2019-02-18 23:18:57
125,37,2019-07-01 07:01:30
125,26,2019-02-18 17:42:46
125,2,2019-03-27 04:00:38
125,37,2018-10-16 21:20:54
125,47,2019-07-27 22:30:16
125,40,2019-07-21 07:29:49
125,24,2019-07-20 00:06:21
125,34,2018-10-17 09:22:21
125,44,2018-12-01 12:56:54
125,6,2019-05-03 13:17:18
125,1,2019-03-16 21:41:18
125,41,2019-06-17 16:55:19
125,32,2019-05-02 13:24:42
125,33,2019-01-30 03:21:53
125,29,2018-12-11 03:35:29
125,13,2019-07-23 09:03:13
125,16,2018-11-09 13:08:47
125,1,2018-12-02 20:57:13
125,1,2018-12-05 12:18:15
125,37,2019-04-21 15:11:07
125,9,2018-10-22 17:09:50
125,15,2019-07-08 08:39:06
125,3,2018-10-15 19:39:42
127,25,2019-04-01 14:01:42
127,32,2018-11-27 06:24:56
127,50,2019-05-11 13:32:54
127,40,2018-12-08 15:07:23
127,13,2019-01-16 02:28:15
127,47,2019-03-04 11:07:36
127,22,2018-10-23 03:40:43
127,46,2019-04-04 18:58:31
127,25,2018-12-04 17:44:32
127,10,2019-07-15 17:20:25
127,17,2019-02-13 17:59:34
127,42,2019-01-16 07:06:29
127,4,2018-11-20 10:51:02
127,14,2019-06-06 01:27:03
127,25,2018-11-05 12:18:16
127,48,2019-04-09 09:50:45
127,40,2018-10-24 18:33:56
127,12,2018-11-01 08:23:37
127,6,2019-01-08 00:36:45
127,47,2018-12-27 04:04:39
127,37,2019-05-13 11:51:56
127,40,2019-02-08 14:20:54
127,48,2018-11-18 23:20:05
127,32,2018-10-05 08:59:35
127,17,2019-01-19 11:56:14
129,36,2018-10-02 19:31:26
129,30,2018-12-21 05:04:22
129,50,2018-12-31 22:30:56
129,21,2018-11-29 20:12:13
129,41,2018-12-30 04:20:10
129,33,2019-05-16 08:48:33
129,4,2019-04-12 18:29:51
129,4,2019-01-21 17:03:22
129,10,2018-12-30 07:04:25
129,44,2019-06-02 16:39:25
129,15,2018-10-04 20:30:29
129,40,2019-07-23 11:50:14
129,30,2018-10-18 08:30:07
130,20,2018-12-06 05:40:25
130,47,2018-11-27 19:02:52
130,41,2019-06-01 22:34:16
130,33,2019-01-27 11:10:46
130,9,2019-04-03 11:00:28
130,45,2018-10-17 04:15:47
130,32,2018-11-17 12:24:00
130,7,2018-11-29 21:58:46
130,46,2018-12-30 08:37:27
130,20,2019-05-03 13:16:08
130,29,2018-12-16 15:04:34
131,5,2019-07-12 00:14:25
131,24,2019-05-13 22:18:36
131,39,2018-11-25 16:45:21
131,6,2019-05-13 23:33:31
131,43,2019-02-03 19:12:05
131,12,2019-02-18 23:16:23
131,28,2018-12-21 16:49:13
131,42,2018-11-18 12:03:05
131,1,2018-10-08 08:25:15
131,46,2019-04-27 09:20:47
131,42,2018-12-27 01:41:27
131,16,2018-10-30 09:20:03
131,50,2019-07-20 14:34:44
132,33,2019-06-17 15:56:30
132,11,2018-11-09 19:13:22
132,32,2019-06-29 18:04:58
132,48,2019-05-09 20:10:27
132,13,2019-03-07 23:59:30
133,11,2018-12-30 22:13:22
133,43,2018-10-31 23:17:34
133,42,2018-12-31 17:37:34
133,11,2019-03-13 22:21:56
133,50,2019-01-14 08:15:20
133,20,2019-04-04 16:26:38
133,10,2018-10-22 13:49:03
133,41,2018-11-02 19:33:09
133,50,2019-07-11 21:42:09
133,17,2019-05-12 20:30:17
133,31,2019-04-05 23:26:22
133,38,2019-05-31 03:25:53
133,37,2018-10-16 01:17:51
135,10,2019-07-18 18:23:19
135,14,2019-05-16 20:12:14
135,35,2019-06-11 04:11:32
135,18,2019-07-26 15:38:43
135,23,2018-10-20 00:07:43
135,15,2019-06-07 09:07:15
135,50,2018-11-06 23:58:41
135,21,2019-01-19 20:36:50
135,31,2019-01-15 23:33:42
135,43,2019-02-27 00:42:04
135,10,2018-10-12 17:03:08
135,23,2018-12-11 17:48:50
135,3,2019-02-27 02:11:20
135,14,2019-03-21 16:29:33
135,16,2018-11-02 03:21:46
135,21,2019-05-29 11:11:00
135,25,2019-03-30 23:00:01
135,38,2018-10-25 02:34:38
135,45,2019-02-06 10:13:26
135,5,2019-03-30 19:48:34
137,12,2019-07-18 12:53:41
137,24,2018-10-07 23:00:54
137,38,2019-01-30 17:55:26
137,41,2018-12-14 04:03:34
137,2,2019-05-19 16:55:44
137,1,2018-10-17 05:16:24
137,2,2019-05-09 00:22:52
137,43,2018-12-16 15:05:49
137,29,2019-04-29 22:16:45
137,38,2019-04-16 11:30:18
137,46,2018-10-12 07:32:15
137,9,2019-07-25 05:34:14
137,48,2019-07-19 16:39:27
137,23,2019-06-10 15:33:58
137,36,2019-03-06 11:56:10
137,10,2019-04-03 18:30:02
137,18,2018-12-06 07:50:29
138,20,2019-01-24 06:11:19
138,16,2019-07-17 13:00:02
138,42,2019-03-16 16:58:45
138,16,2018-10-02 18:59:19
138,1,2019-02-01 20:51:24
138,31,2019-07-23 13:47:35
138,16,2019-07-20 21:37:58
138,43,2019-03-19 20:47:32
138,16,2018-11-14 20:24:06
138,21,2018-12-10 19:30:00
139,36,2019-02-01 03:09:51
139,21,2019-06-08 19:00:34
139,19,2018-10-01 08:18:06
139,28,2019-03-13 03:04:56
139,35,2019-03-05 15:29:03
139,5,2018-11-16 12:30:52
139,16,2019-07-07 04:19:41
139,13,2019-01-10 15:22:35
139,28,2019-04-27 15:23:45
139,46,2018-11-27 06:33:43
139,25,2019-02-02 02:31:24
139,10,2019-06-25 20:20:57
140,7,2018-12-03 11:42:01
140,12,2019-06-08 02:54:31
140,36,2018-10-02 03:27:44
140,32,2018-12-30 23:14:15
140,37,2018-12-15 16:33:56
140,15,2019-03-03 06:26:16
140,3,2019-05-23 23:49:38
140,30,2018-12-27 02:27:16
140,11,2019-01-06 10:15:32
140,21,2018-10-20 20:26:33
140,49,2018-12-22 10:21:00
140,47,2019-01-31 05:45:50
140,49,2019-04-04 09:16:21
140,4,2018-11-09 16:49:44
140,24,2019-04-15 04:31:55
140,45,2019-02-22 02:17:58
140,49,2019-07-28 17:18:30
140,36,2019-04-18 08:02:14
140,50,2019-04-13 14:18:51
142,26,2019-06-15 00:00:55
142,8,2019-06-12 09:53:04
142,46,2019-04-28 08:21:27
142,21,2019-02-04 03:12:56
142,8,2018-12-30 19:59:25
142,24,2018-12-01 20:00:43
142,15,2019-06-16 20:58:12
142,48,2019-06-30 14:22:38
142,38,2019-03-14 08:34:43
142,11,2019-05-05 23:36:38
142,43,2019-05-16 14:15:29
142,19,2019-03-18 22:40:33
142,31,2019-03-16 08:53:52
142,15,2019-04-01 23:44:50
142,3,2019-03-09 16:43:53
144,12,2018-12-15 23:29:43
144,20,2019-03-13 17:44:49
144,30,2019-06-06 03:34:55
144,4,2019-07-20 23:32:08
144,18,2019-07-19 15:43:52
144,5,2018-11-04 12:25:23
144,7,2018-10-08 06:31:56
144,13,2018-10-06 23:54:07
144,28,2019-04-30 06:09:24
144,27,2018-12-30 06:58:47
144,31,2018-10-15 19:51:32
144,29,2018-10-18 08:11:58
144,25,2019-02-28 22:23:48
144,32,2018-11-05 15:36:05
144,26,2019-05-18 11:46:41
144,23,2018-10-16 12:21:57
144,27,2019-04-06 08:18:38
144,44,2018-11-01 13:44:27
144,46,2019-04-20 18:42:08
146,39,2018-11-10 21:10:41
146,35,2018-11-08 01:41:32
146,9,2018-12-23 19:40:54
146,16,2019-06-22 06:03:16
146,34,2019-03-07 18:52:11
146,17,2018-12-15 07:34:40
146,7,2018-12-17 09:12:03
147,18,2019-05-30 05:06:23
147,9,2019-02-20 00:58:29
147,22,2019-06-02 10:32:51
147,25,2019-07-27 08:35:21
147,6,2019-03-26 00:41:34
147,16,2019-05-25 08:24:51
147,23,2019-07-22 22:40:49
147,20,2019-06-08 14:57:12
147,26,2018-10-24 12:40:28
147,9,2018-11-10 16:30:12
147,1,2019-06-07 18:18:08
147,6,2019-02-02 11:21:34
147,18,2019-03-23 05:32:18
147,13,2019-03-13 22:35:01
147,37,2019-07-06 03:16:05
147,17,2019-02-14 08:22:19
147,30,2019-04-26 00:11:16
147,6,2019-04-24 22:05:32
149,4,2019-03-14 08:10:36
149,4,2018-10-03 16:40:46
149,33,2019-01-22 23:39:36
149,4,2019-01-09 16:23:50
149,40,2019-03-30 10:27:23
149,27,2019-07-07 23:12:12
150,30,2019-03-04 18:30:59
150,46,2019-06-14 02:08:08
150,10,2019-06-24 22:43:48
150,11,2019-03-21 19:18:30
150,1,2018-10-08 22:25:01
150,4,2019-03-23 18:35:56
150,13,2018-12-25 22:44:45
150,25,2019-06-23 09:31:39
150,7,2019-06-24 06:13:06
150,47,2019-06-19 07:57:35
150,8,2018-11-08 16:31:25
150,27,2018-10-16 21:05:59
150,15,2019-06-22 14:32:15
150,8,2018-10-08 09:32:58
150,8,2019-07-08 04:30:33
151,33,2019-02-24 21:21:27
151,43,2019-01-27 03:18:33
151,34,2018-10-15 16:56:10
151,20,2018-11-10 02:57:25
151,29,2019-02-23 17:36:26
151,15,2019-02-17 13:14:03
151,9,2018-10-23 18:27:32
151,8,2019-03-11 01:39:40
151,50,2018-11-16 17:57:54
151,4,2019-02-24 16:47:48
151,46,2019-06-24 15:49:57
151,18,2019-02-27 18:10:51
151,16,2019-02-28 08:27:41
151,43,2019-01-15 06:42:43
151,12,2019-04-22 05:10:33
151,11,2019-06-26 14:12:26
151,32,2018-11-26 11:16:21
151,28,2019-05-01 18:25:19
151,39,2019-03-15 21:22:45
151,29,2019-03-21 15:53:53
153,46,2018-10-10 11:06:51
153,10,2018-10-04 23:57:30
153,7,2019-04-14 04:36:28
153,16,2018-11-05 00:36:24
153,13,2018-10-03 19:22:56
153,9,2018-10-13 10:54:30
153,7,2019-01-11 07:50:38
153,26,2019-04-17 03:13:32
153,34,2018-10-22 14:40:22
153,28,2019-03-22 01:52:23
153,1,2019-05-17 08:55:44
153,44,2018-12-01 12:08:38
153,46,2019-06-16 11:05:06
153,47,2019-01-26 19:13:58
153,20,2019-01-06 12:04:38
153,10,2018-11-11 21:56:04
153,44,2019-05-16 03:34:39
153,10,2019-03-31 04:51:55
153,17,2018-12-10 12:26:04
153,47,2018-11-18 09:23:56
155,49,2019-07-21 01:17:13
155,30,2019-01-26 00:42:25
155,3,2018-12-07 13:46:48
155,39,2019-01-02 19:40:26
155,50,2018-11-07 09:30:51
155,46,2019-03-01 17:36:48
155,34,2019-06-13 20:38:31
155,10,2019-01-15 21:20:07
155,30,2019-07-26 02:36:51
155,45,2019-07-25 02:52:19
155,47,2019-05-10 21:28:31
155,15,2019-05-14 02:54:32
155,33,2019-02-24 10:17:59
156,27,2019-05-31 23:41:41
156,20,2018-11-14 09:22:29
156,36,2019-07-27 03:10:34
156,36,2018-12-21 18:39:24
156,3,2019-03-24 13:47:17
156,16,2019-01-08 04:35:18
156,3,2018-12-04 00:00:09
156,5,2019-04-22 09:10:35
156,28,2019-04-11 05:44:41
156,2,2018-11-04 06:08:49
156,5,2019-03-23 09:48:18
156,14,2019-07-01 00:25:40
156,20,2018-12-14 17:39:59
156,31,2018-12-23 08:30:54
156,38,2019-07-09 00:57:50
156,39,2018-10-17 12:23:28
156,33,2019-01-22 00:58:23
156,44,2019-04-05 18:21:08
156,18,2018-12-18 07:23:24
156,10,2019-07-10 08:58:51
156,18,2018-10-15 15:14:54
156,35,2018-12-03 18:45:45
156,11,2018-10-25 07:09:31
158,42,2018-11-04 23:52:26
158,28,2018-12-28 15:42:22
158,32,2018-12-16 07:11:01
158,20,2018-10-13 11:04:32
158,27,2019-05-23 19:54:26
158,35,2019-06-20 13:48:51
158,40,2018-12-23 17:53:57
158,15,2019-04-01 18:14:34
159,27,2019-04-20 00:25:33
159,16,2018-10-04 15:03:53
159,11,2019-01-31 23:33:01
159,17,2018-11-02 15:05:49
159,27,2018-11-02 18:54:55
159,30,2019-05-06 13:58:30
159,19,2018-10-26 11:48:47
159,30,2019-07-08 14:41:50
159,20,2018-11-11 20:40:09
159,3,2019-05-02 10:02:29
159,39,2018-11-15 12:14:53
159,28,2018-11-01 16:09:15
159,23,2019-06-17 18:56:34
2,33,2018-12-19 21:42:06
2,24,2018-11-13 23:26:44
2,25,2018-11-29 05:40:59
2,20,2018-12-16 16:13:30
2,44,2019-07-12 16:20:17
2,17,2018-12-17 11:04:52
2,20,2019-06-19 18:33:12
2,37,2019-07-14 20:03:37
2,4,2019-05-20 15:52:15
2,37,2019-07-23 22:29:11
2,32,2019-06-21 01:49:33
2,22,2019-03-07 21:12:11
2,23,2019-04-26 03:41:10
4,12,2019-04-11 12:59:30
4,48,2019-03-16 22:20:21
4,42,2019-02-14 20:49:51
4,43,2018-10-13 02:45:40
4,35,2019-02-06 04:40:19
4,19,2018-10-11 10:52:14
4,27,2018-11-10 23:12:33
4,39,2019-03-01 19:57:09
4,45,2019-01-15 19:57:55
4,13,2019-04-03 02:33:50
4,23,2019-05-29 00:04:11
4,35,2018-10-21 09:23:23
4,46,2019-03-27 15:32:21
4,39,2019-06-14 18:53:39
4,37,2019-06-13 07:09:06
4,2,2019-01-05 07:42:53
4,20,2019-02-11 20:38:40
4,6,2019-01-08 00:50:30
6,5,2018-10-20 04:27:34
6,36,2019-03-05 04:14:42
6,6,2019-04-27 22:14:23
6,43,2019-02-24 06:37:57
6,5,2018-10-14 11:22:16
6,41,2019-01-18 18:18:28
6,37,2018-12-15 04:29:46
6,10,2019-02-25 21:40:51
6,4,2019-03-09 19:52:01
6,32,2019-05-04 00:46:02
6,13,2019-05-10 16:42:33
6,17,2018-12-12 15:25:48
6,9,2019-04-01 19:12:50
8,13,2019-04-29 16:47:30
8,27,2019-04-23 16:57:33
8,10,2018-12-15 05:06:32
8,4,2019-01-12 15:13:50
8,16,2019-05-24 12:01:40
8,11,2019-06-13 04:18:13
8,33,2018-12-03 05:17:03
8,13,2019-07-06 08:46:41
8,30,2019-03-24 20:59:46
8,44,2018-11-19 12:46:38
8,40,2019-06-15 08:14:46
10,35,2019-03-16 08:56:30
10,25,2019-04-04 16:47:39
10,32,2019-07-23 17:13:12
10,3,2018-11-08 19:09:25
10,9,2019-01-29 23:24:17
10,16,2019-03-27 08:59:32
10,14,2018-11-26 09:42:33
10,42,2018-12-09 03:43:35
10,25,2019-04-08 19:00:49
10,23,2019-03-02 14:54:30
10,15,2019-04-20 02:34:27
10,38,2019-01-24 06:37:13
10,8,2018-11-26 23:28:14
10,14,2019-05-23 02:30:37
10,21,2019-07-12 01:29:43
10,50,2019-05-02 17:35:09
13,6,2018-12-07 18:52:55
13,36,2019-05-09 10:05:08
13,47,2019-02-09 11:27:55
13,33,2019-03-18 01:14:55
13,28,2018-12-16 20:37:18
13,37,2018-12-07 07:34:52
13,42,2019-06-21 00:10:05
13,14,2019-02-08 07:18:41
13,12,2018-12-13 23:51:34
13,43,2019-05-25 08:21:24
13,37,2019-04-18 23:01:39
13,24,2019-05-17 21:29:56
13,8,2019-06-30 17:30:17
13,12,2019-05-18 09:05:17
13,38,2019-04-05 03:12:45
13,45,2019-05-08 16:19:24
13,25,2019-05-02 10:29:19
13,13,2019-03-31 16:14:12
13,19,2019-07-08 03:37:09
15,2,2019-05-31 00:16:09
15,39,2019-07-21 13:41:03
15,11,2019-05-30 21:48:58
15,21,2019-04-23 18:58:23
15,47,2019-05-26 02:33:02
15,29,2019-04-29 10:22:11
15,23,2019-05-10 12:45:54
15,14,2019-05-17 07:36:57
15,47,2019-06-17 18:39:51
15,19,2019-04-09 00:06:42
15,41,2019-04-10 22:59:24
15,38,2019-01-25 09:57:25
15,24,2019-02-08 14:36:39
15,41,2018-12-03 18:01:54
15,33,2018-12-03 21:13:42
17,38,2019-03-21 07:45:24
17,1,2019-07-24 02:27:16
17,7,2019-01-17 04:12:15
17,21,2018-12-04 14:12:48
17,39,2019-01-23 10:00:34
17,32,2019-03-14 03:40:18
17,8,2019-01-14 15:23:55
17,45,2019-05-07 23:19:07
17,23,2019-06-01 06:46:37
17,7,2019-02-05 13:58:43
17,3,2019-01-04 04:52:28
17,46,2019-04-12 20:27:11
17,20,2019-03-20 17:59:24
17,42,2018-12-22 16:10:49
17,14,2019-06-20 21:19:54
17,42,2019-04-19 16:30:23
17,50,2019-02-17 00:34:54
17,25,2019-05-21 06:35:35
17,19,2019-07-03 08:07:53
17,41,2018-10-03 06:16:20
17,27,2019-05-08 05:26:16
19,18,2019-03-02 17:03:55
19,34,2019-05-05 18:35:18
19,37,2019-04-10 21:25:03
19,37,2019-02-03 08:15:02
19,14,2018-10-31 22:15:24
19,31,2019-06-21 10:37:27
19,16,2019-07-19 19:18:52
19,49,2019-05-22 19:28:26
19,50,2019-05-17 06:40:58
19,33,2019-06-23 15:55:49
19,20,2019-07-12 07:29:44
19,38,2018-11-14 21:52:54
19,49,2019-04-27 21:15:55
19,8,2019-01-10 00:44:33
19,20,2019-01-22 00:08:07
19,27,2019-02-12 23:39:49
19,10,2019-01-28 13:36:01
19,42,2018-11-28 08:05:58
21,37,2019-07-12 06:37:18
21,20,2019-02-12 06:53:17
21,41,2019-07-09 18:51:26
21,34,2019-02-10 15:53:57
21,25,2019-04-03 07:17:24
21,9,2018-12-19 04:37:41
21,18,2018-11-19 12:28:18
21,10,2019-02-20 04:57:49
21,47,2018-12-26 04:38:12
21,45,2019-02-11 23:06:53
21,23,2018-10-14 18:32:09
21,22,2019-06-10 14:10:45
21,10,2019-01-04 02:32:40
21,13,2018-10-19 11:30:15
21,34,2019-01-25 06:42:25
21,33,2019-05-22 17:49:10
21,3,2019-05-20 22:19:27
21,5,2019-05-25 23:56:33
21,20,2018-11-11 22:06:29
21,30,2019-06-08 00:09:59
21,26,2018-12-29 02:39:34
23,19,2018-10-14 07:35:15
23,25,2018-12-06 17:23:39
23,10,2019-04-22 12:37:39
23,16,2018-11-24 18:28:47
23,40,2019-05-02 09:37:25
23,25,2019-03-19 17:30:18
23,4,2019-06-10 09:59:56
23,4,2019-01-13 03:38:19
23,17,2019-06-10 23:40:43
23,8,2019-07-03 22:13:04
23,5,2018-12-29 06:42:12
23,13,2018-11-08 00:56:18
23,13,2018-10-20 10:32:00
23,3,2018-12-16 06:37:12
23,41,2019-07-02 23:38:13
23,29,2019-02-21 17:30:06
23,47,2019-07-24 01:23:21
23,2,2018-12-10 03:11:58
23,4,2019-06-25 02:37:44
23,30,2019-03-03 22:47:51
23,15,2019-01-18 17:37:00
25,37,2019-05-30 01:37:45
25,31,2018-12-04 14:58:38
25,29,2019-05-26 00:25:54
25,17,2019-07-14 16:55:04
25,24,2018-10-07 18:58:42
25,18,2019-03-12 06:24:22
25,3,2019-02-19 14:11:21
25,33,2019-07-20 22:09:16
25,43,2019-01-24 22:52:17
25,40,2019-04-23 22:03:34
25,35,2019-03-29 09:45:14
25,37,2018-10-28 17:33:17
25,29,2018-11-21 08:46:14
25,17,2018-12-22 04:09:52
25,33,2018-10-21 03:13:46
25,6,2018-10-22 18:44:45
25,15,2019-01-06 23:22:01
25,43,2019-07-22 07:23:06
25,17,2018-11-28 02:54:17
25,30,2018-11-18 05:08:42
25,48,2018-11-28 00:27:36
25,23,2019-05-15 23:49:56
28,49,2019-07-28 17:29:17
28,1,2019-01-01 00:01:14
28,31,2019-03-02 06:30:43
28,31,2019-05-15 20:53:02
28,9,2019-02-12 16:24:47
28,45,2019-06-20 14:54:39
28,45,2018-11-18 21:01:29
28,27,2019-03-17 10:15:33
28,12,2018-12-11 05:09:34
28,36,2019-03-02 10:35:29
28,31,2019-02-27 05:14:43
28,45,2018-11-23 20:57:26
28,34,2019-03-12 21:09:50
28,29,2018-12-31 23:47:01
28,17,2019-01-03 21:19:42
28,48,2018-12-14 16:43:45
28,38,2019-03-16 17:08:29
28,38,2018-11-30 17:25:52
31,25,2019-04-09 04:27:50
31,26,2019-05-28 18:22:11
31,21,2019-04-25 20:41:47
31,21,2019-05-23 06:26:39
31,29,2019-06-28 06:49:49
31,3,2019-04-21 23:47:48
31,31,2019-06-14 05:36:17
31,19,2019-04-13 15:56:06
31,2,2018-12-11 02:36:24
31,28,2018-11-06 00:56:37
31,43,2019-01-25 18:26:26
31,34,2019-01-02 03:08:38
31,34,2018-12-13 04:59:13
31,7,2019-05-10 15:03:20
31,25,2018-10-23 06:32:49
31,4,2019-02-21 03:21:48
31,36,2018-12-31 01:18:32
31,48,2018-12-12 10:54:51
33,48,2018-11-04 06:34:01
33,11,2019-05-27 20:39:32
33,9,2019-02-16 16:19:35
33,47,2019-01-16 02:13:01
33,30,2019-07-18 13:25:22
33,48,2019-01-21 20:50:11
33,34,2019-04-09 17:14:09
33,3,2019-02-09 01:48:24
33,28,2018-11-11 01:49:25
33,17,2019-06-30 04:00:47
33,3,2019-01-17 13:34:17
33,24,2019-01-11 08:38:22
33,4,2019-02-23 16:36:19
33,16,2019-02-20 06:51:28
33,28,2019-07-19 06:38:16
35,35,2019-04-03 18:22:49
35,46,2018-12-03 10:39:40
35,13,2019-05-10 11:56:49
35,14,2019-02-13 20:55:55
35,49,2019-01-23 09:45:42
35,21,2019-06-02 04:57:56
35,12,2019-01-27 03:07:31
35,14,2019-02-25 01:17:59
35,32,2019-05-04 10:08:17
35,21,2019-07-06 22:32:44
35,41,2018-10-04 13:34:54
35,21,2019-06-12 17:40:28
35,4,2019-07-02 03:55:39
35,32,2019-04-02 23:51:02
37,34,2019-03-31 14:50:30
37,11,2018-10-08 15:48:38
37,6,2019-05-17 17:48:22
37,10,2019-04-08 08:21:46
37,14,2018-12-17 04:39:16
37,5,2019-03-10 22:50:06
37,8,2018-10-10 08:59:56
37,31,2018-12-16 19:52:42
37,41,2018-12-31 09:32:51
37,45,2019-04-29 22:08:30
37,39,2019-07-09 22:35:01
37,40,2019-06-16 21:43:16
37,27,2019-02-14 10:10:56
37,5,2019-04-15 15:44:47
37,28,2019-04-03 15:26:12
37,14,2019-02-12 23:08:00
37,31,2018-10-14 20:29:06
37,29,2018-12-20 19:07:45
37,44,2018-12-24 10:29:27
37,22,2019-07-13 21:01:11
37,14,2019-05-11 14:56:50
37,46,2019-06-16 21:56:59
37,10,2018-10-03 06:29:28
37,45,2019-01-01 21:08:34
37,32,2019-05-18 12:04:07
37,31,2019-02-17 19:20:19
37,37,2018-10-24 23:39:15
37,4,2018-10-17 11:53:58
37,1,2019-01-23 12:15:31
39,46,2019-03-29 08:46:07
39,6,2019-07-06 06:04:24
39,41,2018-10-16 13:52:57
39,8,2019-07-06 03:51:19
39,38,2019-02-26 03:32:10
39,5,2018-11-26 02:34:27
39,33,2018-12-29 07:10:41
39,30,2019-04-11 02:55:31
39,30,2018-12-26 02:44:53
39,22,2018-12-02 05:18:40
39,19,2019-04-01 10:32:51
39,11,2019-04-24 06:46:56
39,11,2018-12-22 11:32:09
39,36,2018-10-10 06:54:37
39,34,2019-07-02 09:17:28
39,17,2018-10-27 22:16:13
39,20,2019-02-12 02:30:04
39,26,2019-01-26 12:16:04
39,48,2019-05-08 01:28:07
39,36,2019-01-30 00:18:44
39,15,2019-07-10 22:19:03
39,21,2018-10-23 03:19:28
39,22,2018-11-24 13:02:41
39,18,2019-05-08 20:28:08
41,2,2018-11-05 23:37:44
41,5,2018-12-20 07:02:56
41,48,2018-12-01 02:29:48
41,38,2019-06-12 07:23:16
41,3,2018-12-22 14:01:05
41,43,2018-11-02 06:34:18
41,48,2018-11-03 20:48:05
41,30,2019-07-07 07:29:40
41,37,2018-12-03 08:34:14
41,21,2019-02-07 06:36:12
43,19,2019-01-22 02:57:50
43,31,2018-12-12 12:02:45
43,18,2018-11-08 06:44:51
43,36,2019-06-08 00:11:55
43,14,2018-12-15 03:53:01
43,23,2019-03-01 16:13:23
43,21,2019-07-27 20:11:54
43,4,2018-11-02 00:28:26
43,31,2019-07-23 02:46:51
43,8,2018-12-18 02:48:16
43,43,2019-01-17 21:38:59
43,8,2019-02-02 06:03:10
43,20,2018-10-15 23:34:31
43,33,2019-01-02 03:38:18
43,4,2019-02-21 06:44:31
43,16,2019-01-12 23:44:56
43,38,2019-05-15 04:26:47
43,4,2019-04-10 21:43:31
45,5,2019-05-04 09:36:09
45,16,2019-03-26 04:32:26
45,35,2019-03-19 12:37:19
45,23,2019-06-13 21:49:14
45,4,2019-05-21 22:49:41
45,6,2019-04-14 07:50:08
45,29,2019-01-08 04:32:19
45,37,2019-07-11 02:05:37
45,31,2019-01-01 18:25:06
45,15,2019-05-14 09:28:55
45,42,2018-10-29 07:09:45
45,15,2018-12-06 06:11:47
45,3,2018-12-29 01:17:30
47,13,2019-05-20 20:45:18
47,28,2018-12-12 13:54:17
47,31,2019-01-21 21:43:56
47,43,2019-01-14 21:50:20
47,33,2019-05-30 10:27:35
47,20,2019-05-19 05:03:47
47,39,2019-02-02 22:47:33
47,40,2019-04-26 03:04:22
47,44,2019-07-21 23:45:01
47,22,2018-12-23 00:03:05
47,17,2019-02-14 08:53:12
47,36,2019-06-25 07:33:00
47,28,2019-05-31 01:10:13
47,8,2019-02-27 12:42:35
47,35,2019-01-18 17:58:34
47,38,2018-12-27 02:59:11
47,7,2019-02-09 21:53:52
47,6,2019-02-15 14:48:22
47,42,2019-01-15 09:00:54
47,39,2019-07-25 16:08:51
49,14,2019-01-27 04:05:15
49,13,2018-11-15 17:39:48
49,26,2019-05-18 03:47:35
49,36,2019-01-06 13:17:59
49,2,2018-12-28 17:08:41
49,13,2019-05-08 05:04:03
49,33,2018-10-04 21:23:44
49,44,2019-07-21 07:58:29
49,44,2019-07-24 09:36:36
49,41,2018-11-09 20:03:58
49,43,2019-04-28 07:17:58
49,44,2019-06-19 05:26:34
49,35,2019-07-25 11:52:15
49,9,2018-11-08 23:55:15
49,38,2018-12-21 14:57:38
49,17,2019-05-20 08:12:51
49,45,2018-12-04 13:22:00
49,14,2019-05-12 11:33:16
49,25,2019-07-18 13:42:35
51,41,2018-12-24 05:52:14
51,32,2018-10-26 08:50:01
51,46,2019-01-08 08:41:59
51,29,2018-11-05 04:55:54
51,48,2019-05-15 12:00:46
51,49,2019-04-20 19:36:20
51,25,2018-12-06 21:34:49
51,11,2018-10-03 22:04:37
51,50,2019-03-10 15:03:58
51,8,2019-07-19 04:36:35
51,4,2019-07-06 22:20:57
51,9,2019-01-28 07:37:19
51,33,2019-01-23 04:17:25
51,13,2019-07-24 00:45:40
51,32,2019-06-14 14:00:25
51,45,2019-01-11 09:26:48
51,47,2019-01-10 04:51:03
53,33,2018-11-09 09:32:28
53,32,2019-06-19 04:04:45
53,1,2018-12-02 08:08:01
53,26,2018-11-21 06:15:56
53,12,2019-07-07 04:37:19
53,36,2019-01-15 10:18:36
53,20,2019-06-01 07:04:59
53,11,2019-03-15 01:21:46
53,44,2019-06-29 07:56:43
53,20,2019-05-26 00:14:45
53,8,2018-11-26 21:40:36
53,7,2019-03-02 14:49:37
53,32,2018-10-23 07:18:49
53,5,2019-04-13 12:36:52
53,8,2019-07-19 05:22:15
53,45,2019-05-03 16:24:49
53,36,2019-07-24 13:05:21
53,10,2019-05-07 19:54:02
53,8,2018-11-28 17:48:27
53,13,2019-07-24 05:56:56
55,35,2019-05-01 00:13:52
55,21,2019-03-09 04:17:52
55,23,2019-01-21 04:21:23
55,29,2019-04-05 19:52:54
55,29,2019-03-07 10:54:00
55,19,2018-11-26 06:54:09
55,11,2019-03-04 23:27:23
55,46,2019-01-04 16:59:49
55,25,2019-06-25 00:31:52
55,38,2018-12-31 02:18:16
55,9,2019-05-24 12:57:54
55,4,2019-01-23 08:43:29
55,29,2019-07-17 08:56:52
55,39,2019-05-07 06:45:57
55,20,2019-04-09 02:58:24
55,16,2019-05-02 10:23:31
55,30,2019-07-06 10:47:27
55,50,2019-04-21 08:00:29
55,48,2018-12-29 07:46:44
55,40,2019-03-21 15:58:16
58,46,2019-01-15 23:46:53
58,20,2018-10-05 07:39:00
58,28,2019-04-27 13:41:35
58,37,2018-10-03 20:20:45
58,43,2019-06-01 20:52:35
58,29,2018-11-17 13:55:40
58,4,2019-07-27 05:12:11
58,45,2019-04-20 09:32:52
58,16,2019-01-24 14:03:35
58,27,2019-04-12 00:13:10
58,15,2018-11-13 04:54:10
58,37,2019-01-28 22:07:32
58,25,2019-05-30 05:34:38
58,48,2019-07-15 00:56:17
58,11,2019-03-24 15:53:01
58,41,2019-03-22 10:02:10
58,45,2018-11-25 13:04:22
58,34,2019-02-06 15:26:54
60,8,2019-01-08 13:47:14
60,32,2019-06-05 03:59:42
60,28,2018-12-21 00:52:50
60,25,2018-12-11 01:08:55
60,27,2019-07-01 06:23:23
60,32,2019-02-11 00:29:25
60,49,2018-12-29 14:48:41
60,40,2019-06-17 23:49:43
60,30,2019-03-20 14:35:15
60,35,2019-07-23 15:52:38
60,4,2019-06-30 19:32:55
60,33,2018-11-28 13:09:06
60,34,2019-06-06 14:49:54
60,39,2019-04-10 06:50:46
60,39,2019-02-14 11:52:18
60,38,2018-11-29 12:41:14
60,26,2019-07-27 03:24:32
60,46,2019-03-26 15:37:29
60,39,2018-12-23 08:15:50
62,21,2019-04-07 11:37:22
62,21,2019-02-23 09:25:50
62,10,2019-02-02 02:34:28
62,10,2019-02-06 16:18:49
62,6,2018-10-06 05:32:58
62,9,2018-10-01 02:06:37
62,16,2019-01-15 00:06:48
62,9,2018-10-28 05:02:41
62,18,2019-03-13 21:11:42
62,17,2019-04-11 22:02:57
62,45,2019-06-12 21:48:59
62,24,2018-10-02 01:04:02
62,7,2019-06-10 21:31:59
62,40,2018-10-11 08:00:12
62,29,2018-12-31 07:09:33
62,30,2019-06-08 10:30:13
64,12,2019-04-07 07:44:48
64,5,2019-01-05 05:41:37
64,12,2019-04-24 14:37:37
64,18,2018-12-12 03:20:53
64,49,2019-07-02 12:40:55
64,23,2019-01-04 05:26:11
64,4,2018-12-24 15:33:31
64,14,2018-10-04 10:00:18
64,18,2019-07-07 08:11:22
64,37,2019-04-15 06:27:28
64,9,2019-06-20 12:50:05
64,45,2019-01-16 00:32:28
64,26,2019-02-08 22:54:11
64,37,2018-11-30 16:04:21
64,6,2019-07-07 23:34:40
64,36,2018-12-30 01:27:00
64,39,2019-01-18 01:12:22
64,27,2019-01-29 15:30:48
64,24,2019-02-08 10:44:30
64,3,2018-10-06 15:47:16
64,49,2019-01-05 21:19:31
64,41,2019-06-24 11:41:28
64,37,2018-12-15 06:41:31
64,49,2019-03-21 09:53:36
64,37,2018-10-31 15:19:59
64,17,2019-01-25 05:05:28
64,8,2018-11-20 15:14:38
64,28,2019-03-24 20:35:24
64,6,2019-04-20 05:38:59
64,21,2019-03-28 11:37:33
64,8,2019-04-21 03:04:59
64,6,2019-03-24 12:59:33
66,25,2019-04-10 06:52:07
66,41,2018-11-30 22:39:03
66,29,2019-02-17 15:09:29
66,24,2018-12-21 20:54:40
66,8,2019-04-06 04:59:56
66,11,2018-12-25 04:53:08
66,14,2018-11-25 10:35:11
66,44,2019-01-20 12:31:53
66,27,2019-07-26 03:07:56
66,8,2019-02-14 18:20:04
66,10,2019-07-21 12:22:01
66,19,2019-01-26 09:30:38
66,7,2019-05-18 06:40:01
68,8,2018-10-25 19:22:22
68,22,2019-06-06 16:15:50
68,1,2019-06-02 04:16:35
68,37,2019-07-24 22:12:14
68,44,2019-07-03 21:02:34
68,39,2018-10-03 00:35:59
68,42,2019-06-07 20:28:52
68,7,2019-05-29 00:43:58
68,47,2019-02-05 21:31:16
68,3,2018-11-04 02:25:07
68,7,2019-02-09 02:26:56
68,21,2019-04-10 06:59:41
68,35,2018-12-09 13:46:19
68,37,2018-10-21 20:24:09
68,31,2019-02-21 16:16:44
68,6,2019-03-14 09:07:35
68,12,2019-02-27 12:56:39
70,47,2019-02-24 06:48:03
70,5,2019-07-21 20:17:51
70,33,2019-01-29 23:44:18
70,24,2019-01-07 03:32:19
70,32,2019-05-21 07:19:05
70,12,2019-05-22 05:34:52
70,6,2019-02-16 01:49:30
70,43,2018-10-09 14:26:05
70,26,2019-04-27 10:56:32
70,20,2019-01-11 07:10:27
70,5,2019-01-30 01:13:20
74,16,2019-06-26 21:27:52
74,2,2018-10-23 10:55:13
74,2,2019-06-30 04:39:04
74,18,2019-04-29 21:07:13
74,16,2019-06-05 04:23:28
74,15,2019-07-23 19:02:48
74,49,2019-04-08 21:59:12
74,32,2018-11-26 06:04:03
74,38,2019-02-27 06:52:14
74,8,2019-02-28 07:34:36
74,11,2019-06-07 01:30:29
74,36,2019-04-02 05:53:19
76,15,2018-11-05 02:41:33
76,6,2018-10-05 06:52:19
76,48,2019-05-21 04:06:48
76,2,2019-03-23 12:56:48
76,42,2019-01-08 10:17:36
76,41,2019-07-08 11:58:12
76,2,2018-11-19 01:38:56
76,35,2019-05-06 03:36:37
76,39,2018-10-31 22:24:18
76,24,2019-03-10 00:17:31
76,8,2019-05-09 21:44:20
76,35,2018-10-23 23:46:36
76,22,2019-07-16 02:41:45
76,38,2019-01-01 06:34:44
76,42,2019-03-17 04:33:06
76,11,2018-11-09 01:48:39
76,45,2019-01-18 14:58:45
76,18,2018-10-11 07:48:39
76,40,2019-01-11 05:13:50
76,14,2019-03-19 09:45:11
76,21,2018-11-20 13:26:10
76,7,2019-07-22 08:42:54
76,35,2019-07-19 19:58:26
76,24,2018-12-07 12:49:49
76,42,2019-03-21 05:36:22
76,21,2018-11-29 07:58:44
76,43,2019-07-04 05:37:45
78,32,2019-05-14 15:02:28
78,15,2019-05-30 20:39:16
78,28,2019-03-25 07:37:22
78,17,2019-01-15 05:20:56
78,40,2019-06-19 13:44:50
78,41,2019-05-13 07:41:16
78,7,2019-02-07 15:05:50
78,34,2019-07-24 12:30:23
78,14,2019-06-18 06:58:17
78,7,2018-10-05 00:36:55
78,3,2018-11-25 21:45:30
78,15,2019-07-17 16:16:17
78,36,2019-07-07 09:34:01
78,27,2018-10-24 10:29:00
78,48,2019-04-26 16:12:52
78,13,2019-02-02 01:41:02
78,45,2019-01-24 12:44:55
81,7,2019-03-06 20:50:03
81,44,2019-06-15 08:49:28
81,13,2019-05-25 18:08:32
81,10,2019-04-11 02:25:43
81,9,2019-04-20 15:29:32
81,40,2019-04-28 01:16:26
81,45,2019-03-25 18:03:53
81,34,2019-05-15 18:41:59
81,12,2019-03-02 18:24:14
81,28,2019-06-06 10:06:51
81,28,2018-12-28 05:05:46
81,24,2019-02-07 06:40:58
81,12,2019-04-10 02:05:55
81,5,2019-02-17 20:22:12
81,2,2019-03-03 16:41:28
81,1,2019-01-10 09:28:00
81,48,2019-03-11 17:35:31
81,6,2018-12-12 19:24:37
81,17,2019-06-23 09:00:38
81,6,2019-05-05 08:09:32
81,9,2019-07-13 22:45:07
83,19,2018-10-06 16:31:31
83,23,2018-10-27 12:05:25
83,19,2019-02-22 17:02:36
83,44,2019-07-16 06:01:38
83,37,2019-05-16 11:58:32
83,7,2019-05-08 13:43:38
83,4,2019-06-13 11:04:35
83,44,2019-04-19 22:55:32
83,38,2018-11-06 21:34:42
83,18,2018-11-30 00:12:31
83,5,2018-10-11 08:28:20
83,20,2018-11-15 14:59:03
83,24,2018-10-08 01:37:55
83,22,2019-05-23 22:48:30
83,4,2018-11-21 08:30:05
83,4,2018-12-28 18:47:53
83,32,2019-01-17 05:33:25
85,31,2019-06-22 15:09:48
85,18,2018-12-06 10:40:26
85,32,2019-01-02 15:58:08
85,28,2018-12-31 20:17:15
85,20,2019-01-09 22:28:55
85,44,2018-10-19 10:32:45
85,8,2018-11-24 13:09:29
85,13,2019-05-05 01:42:08
85,13,2019-02-10 10:08:33
85,34,2019-01-08 03:04:06
85,1,2018-12-24 16:12:49
85,20,2019-03-23 09:17:26
87,8,2019-02-01 04:58:25
87,38,2019-06-10 16:00:51
87,19,2019-05-21 08:43:56
87,2,2019-04-10 20:33:48
87,44,2019-02-03 04:01:20
87,9,2019-04-08 09:01:33
87,27,2018-11-10 20:06:56
87,13,2018-11-23 19:31:30
87,28,2019-07-20 20:44:26
87,27,2019-02-20 03:56:02
87,40,2019-07-05 20:33:32
87,37,2019-07-28 23:19:11
87,26,2019-06-08 00:13:41
91,32,2019-07-03 16:41:32
91,25,2019-01-10 04:21:35
91,4,2018-11-03 09:42:48
91,37,2019-03-13 11:06:22
91,49,2019-02-25 03:58:55
91,25,2019-03-04 14:12:04
91,45,2019-05-20 06:04:24
91,8,2019-02-03 13:18:05
91,1,2019-05-05 20:47:25
91,17,2019-01-05 21:05:43
91,8,2019-02-13 05:56:19
91,11,2019-03-08 16:24:05
91,7,2018-12-07 19:33:52
91,3,2019-05-23 04:49:50
91,19,2018-10-14 17:02:12
91,37,2018-10-22 23:23:09
91,22,2019-01-06 02:59:02
93,4,2019-01-25 13:37:32
93,48,2019-03-04 09:00:10
93,28,2019-07-09 01:42:03
93,36,2018-12-22 09:52:22
93,18,2019-04-28 03:54:35
93,30,2019-06-27 18:07:49
93,17,2018-11-09 18:51:09
93,49,2019-01-10 15:16:49
93,49,2018-12-21 17:46:46
93,43,2019-04-28 20:08:46
93,6,2019-03-19 07:04:33
93,20,2019-05-18 11:25:37
93,31,2019-06-14 01:51:09
93,16,2019-01-30 11:20:13
93,13,2019-03-22 06:34:51
93,1,2019-03-09 08:40:52
93,30,2019-01-03 13:12:31
93,32,2019-07-04 05:34:44
93,35,2018-10-27 01:47:39
95,50,2019-07-01 20:03:21
95,36,2019-06-09 13:35:35
95,18,2019-02-28 05:54:42
95,4,2018-11-15 07:48:45
95,35,2019-03-26 12:46:04
95,6,2019-02-02 04:28:29
95,14,2019-01-09 07:58:46
95,26,2019-05-05 05:23:57
95,32,2019-07-16 14:43:58
95,22,2019-04-09 07:36:07
95,40,2019-03-27 09:18:17
95,8,2019-01-02 18:50:33
95,49,2019-04-20 21:55:16
95,1,2019-04-11 07:29:39
95,14,2019-03-22 03:31:46
95,19,2018-11-30 18:01:07
95,7,2019-01-17 16:37:01
95,37,2018-11-20 13:19:32
98,26,2019-07-24 10:06:24
98,49,2018-12-27 19:32:40
98,30,2019-02-16 03:16:45
98,21,2019-03-08 01:03:48
98,20,2019-03-09 09:37:11
98,16,2019-04-05 19:29:00
98,37,2018-12-05 02:16:43
98,9,2019-03-14 17:00:51
98,46,2018-10-02 21:11:43
98,8,2019-07-20 18:08:54
98,14,2019-05-30 16:50:49
98,39,2019-01-23 13:34:21
98,22,2018-12-13 02:44:19
98,44,2019-01-13 14:08:09
98,5,2019-02-06 15:50:32
98,9,2018-10-11 05:29:10
100,11,2019-04-06 16:52:19
100,4,2019-07-03 00:43:13
100,20,2018-11-23 22:47:40
100,25,2018-11-27 04:23:58
100,26,2019-02-27 18:17:44
100,35,2019-03-15 13:04:54
100,30,2019-01-06 03:47:21
100,32,2019-07-16 07:10:45
100,41,2019-07-10 06:36:46
100,19,2019-03-05 18:33:59
100,5,2019-03-21 15:33:26
100,22,2018-12-13 10:20:52
102,4,2019-04-13 23:52:43
102,17,2018-10-22 20:38:39
102,20,2018-10-06 02:02:05
102,26,2019-05-05 20:24:51
102,48,2019-02-25 09:50:57
102,50,2019-03-24 22:49:43
102,50,2019-06-09 01:43:24
102,19,2019-05-04 16:17:25
102,44,2018-10-15 13:42:05
102,25,2019-01-04 12:47:33
102,45,2019-07-14 19:11:58
102,11,2019-06-19 10:44:33
102,49,2019-07-05 06:25:53
102,11,2018-10-29 22:11:32
102,8,2019-03-14 05:01:52
102,48,2019-06-03 13:56:36
102,4,2018-12-13 07:27:42
102,28,2019-06-02 07:30:06
104,26,2018-11-10 10:09:20
104,25,2019-04-01 22:45:26
104,7,2019-06-23 15:29:49
104,40,2019-04-16 04:23:05
104,5,2019-04-05 11:23:12
104,43,2018-12-08 06:03:41
104,18,2019-07-23 13:42:29
104,42,2019-05-29 12:13:25
104,46,2018-11-30 09:29:40
104,49,2019-04-02 05:44:09
104,26,2019-03-18 20:07:36
104,14,2019-07-04 03:51:04
104,39,2019-02-23 08:41:31
104,30,2018-10-19 04:26:09
104,50,2019-03-31 12:58:34
104,35,2019-04-03 14:52:09
106,47,2018-10-04 12:45:29
106,3,2018-11-07 06:35:56
106,31,2019-03-12 13:40:31
106,35,2018-10-05 18:57:58
106,22,2019-03-17 01:22:55
106,41,2019-01-02 15:32:37
106,41,2018-11-25 16:39:58
106,33,2019-04-21 11:39:05
106,45,2019-03-18 23:38:03
106,23,2019-04-03 14:02:24
106,3,2018-12-13 18:42:53
106,30,2019-06-30 13:19:35
106,25,2019-06-03 08:04:28
106,42,2018-12-26 15:05:54
108,25,2019-03-28 12:27:16
108,9,2018-12-03 13:09:48
108,3,2019-06-19 05:48:55
108,25,2018-11-11 18:00:16
108,43,2019-03-12 14:37:56
108,5,2019-05-22 18:51:51
108,13,2018-10-09 08:47:15
108,11,2018-12-22 05:55:23
108,12,2019-01-10 00:43:26
108,45,2019-04-04 17:20:55
108,28,2019-07-18 16:44:57
108,22,2018-12-06 13:38:59
108,38,2019-07-28 06:07:18
108,4,2019-02-25 05:39:07
108,29,2019-05-14 18:00:31
108,22,2019-04-06 14:04:34
108,48,2018-11-21 05:39:54
110,7,2019-01-19 06:47:37
110,10,2019-04-23 11:37:25
110,12,2019-05-06 21:22:33
110,11,2019-03-27 21:26:39
110,38,2019-01-21 20:41:22
110,39,2018-11-27 14:34:13
110,12,2019-03-01 14:07:04
110,35,2018-11-26 03:41:03
110,16,2019-05-12 19:41:05
110,13,2019-02-12 10:41:16
110,3,2019-07-25 21:30:45
110,25,2018-11-15 07:58:00
110,20,2018-11-29 11:42:52
114,4,2019-07-27 09:57:46
114,18,2018-11-03 01:43:32
114,37,2019-05-26 08:08:36
114,10,2019-01-03 14:53:36
114,50,2019-06-02 15:14:22
114,24,2019-01-28 21:40:45
114,1,2019-06-26 14:04:45
114,17,2018-10-01 04:28:25
114,18,2019-03-27 04:05:18
114,8,2019-01-11 17:59:14
114,19,2018-11-10 16:45:26
114,20,2019-05-21 00:55:01
114,27,2019-02-07 05:16:27
114,19,2019-01-25 08:47:50
114,30,2019-05-19 02:30:24
114,8,2019-03-28 06:06:53
114,13,2019-01-27 05:23:45
114,15,2018-11-06 06:56:36
121,5,2019-01-12 08:53:38
121,6,2018-10-11 20:53:10
121,15,2019-03-09 04:40:44
121,8,2019-07-19 16:21:00
121,32,2018-12-17 11:35:26
121,17,2018-10-09 00:04:58
121,48,2019-03-21 05:45:06
121,44,2019-07-14 03:27:44
121,10,2018-12-31 10:33:57
121,34,2019-05-16 00:35:08
121,39,2019-07-20 10:44:41
121,4,2019-06-29 09:14:10
121,40,2019-06-20 16:19:08
121,13,2018-10-09 20:50:08
121,10,2019-06-12 04:28:17
121,40,2018-11-22 20:57:49
121,48,2019-06-24 20:17:35
121,49,2019-02-14 13:29:31
121,46,2019-05-20 12:31:30
121,30,2019-05-20 13:23:18
126,37,2019-07-01 08:30:17
126,26,2019-02-18 19:29:50
126,2,2019-03-27 06:25:21
126,37,2018-10-16 21:58:17
126,47,2019-07-28 00:56:16
126,40,2019-07-21 08:55:13
126,24,2019-07-20 00:34:54
126,34,2018-10-17 12:32:46
126,44,2018-12-01 15:55:40
126,6,2019-05-03 14:01:22
126,1,2019-03-16 22:49:57
126,41,2019-06-17 20:04:38
126,32,2019-05-02 14:22:24
126,33,2019-01-30 04:45:25
126,29,2018-12-11 07:19:17
126,13,2019-07-23 11:13:35
126,16,2018-11-09 16:07:37
126,1,2018-12-03 00:03:50
126,1,2018-12-05 14:33:36
126,37,2019-04-21 16:33:24
126,9,2018-10-22 20:29:24
126,15,2019-07-08 11:24:38
126,3,2018-10-15 21:33:26
128,25,2019-04-01 14:38:20
128,32,2018-11-27 08:49:49
128,50,2019-05-11 17:32:09
128,40,2018-12-08 17:00:39
128,13,2019-01-16 03:11:33
128,47,2019-03-04 14:20:59
128,22,2018-10-23 06:52:21
128,46,2019-04-04 19:33:27
128,25,2018-12-04 18:10:28
128,10,2019-07-15 21:11:50
128,17,2019-02-13 19:20:57
128,42,2019-01-16 08:58:51
128,4,2018-11-20 13:43:16
128,14,2019-06-06 02:54:50
128,25,2018-11-05 13:20:35
128,48,2019-04-09 13:31:07
128,40,2018-10-24 20:23:30
128,12,2018-11-01 09:59:38
128,6,2019-01-08 02:24:44
128,47,2018-12-27 04:47:05
128,37,2019-05-13 15:43:36
128,40,2019-02-08 15:36:05
128,48,2018-11-18 23:47:50
128,32,2018-10-05 11:34:16
128,17,2019-01-19 14:37:03
134,11,2018-12-30 23:30:46
134,43,2018-11-01 01:06:59
134,42,2018-12-31 20:22:33
134,11,2019-03-14 00:03:47
134,50,2019-01-14 11:32:22
134,20,2019-04-04 17:20:26
134,10,2018-10-22 17:40:15
134,41,2018-11-02 21:48:28
134,50,2019-07-12 00:35:12
134,17,2019-05-12 21:20:25
134,31,2019-04-06 00:13:29
134,38,2019-05-31 04:27:50
134,37,2018-10-16 03:34:26
136,10,2019-07-18 21:31:16
136,14,2019-05-16 22:37:17
136,35,2019-06-11 07:20:25
136,18,2019-07-26 15:56:38
136,23,2018-10-20 00:27:30
136,15,2019-06-07 09:50:16
136,50,2018-11-07 01:57:55
136,21,2019-01-19 21:50:28
136,31,2019-01-16 02:02:50
136,43,2019-02-27 02:43:48
136,10,2018-10-12 20:56:43
136,23,2018-12-11 18:38:43
136,3,2019-02-27 04:15:57
136,14,2019-03-21 20:08:40
136,16,2018-11-02 05:14:50
136,21,2019-05-29 13:57:10
136,25,2019-03-30 23:17:26
136,38,2018-10-25 05:45:55
136,45,2019-02-06 10:49:51
136,5,2019-03-30 23:32:06
141,7,2018-12-03 12:49:02
141,12,2019-06-08 03:22:59
141,36,2018-10-02 05:33:51
141,32,2018-12-30 23:59:26
141,37,2018-12-15 17:28:01
141,15,2019-03-03 09:04:21
141,3,2019-05-24 00:16:26
141,30,2018-12-27 03:35:46
141,11,2019-01-06 11:25:24
141,21,2018-10-20 21:33:44
141,49,2018-12-22 13:01:01
141,47,2019-01-31 09:02:23
141,49,2019-04-04 12:46:26
141,4,2018-11-09 19:58:04
141,24,2019-04-15 05:06:50
141,45,2019-02-22 04:19:20
141,49,2019-07-28 20:55:40
141,36,2019-04-18 10:59:28
141,50,2019-04-13 16:03:28
143,26,2019-06-15 03:38:34
143,8,2019-06-12 10:43:24
143,46,2019-04-28 09:56:17
143,21,2019-02-04 04:56:22
143,8,2018-12-30 21:32:44
143,24,2018-12-01 22:41:30
143,15,2019-06-16 22:23:39
143,48,2019-06-30 17:14:19
143,38,2019-03-14 09:53:44
143,11,2019-05-06 01:49:38
143,43,2019-05-16 17:09:55
143,19,2019-03-18 23:49:30
143,31,2019-03-16 11:36:04
143,15,2019-04-02 00:43:43
143,3,2019-03-09 19:30:07
145,12,2018-12-16 00:20:04
145,20,2019-03-13 20:03:44
145,30,2019-06-06 05:10:38
145,4,2019-07-21 00:28:11
145,18,2019-07-19 18:45:59
145,5,2018-11-04 14:39:00
145,7,2018-10-08 07:12:06
145,13,2018-10-07 01:11:33
145,28,2019-04-30 08:08:52
145,27,2018-12-30 10:51:02
145,31,2018-10-15 20:36:15
145,29,2018-10-18 08:45:59
145,25,2019-03-01 01:46:01
145,32,2018-11-05 17:41:19
145,26,2019-05-18 13:44:06
145,23,2018-10-16 14:41:41
145,27,2019-04-06 11:54:49
145,44,2018-11-01 16:10:02
145,46,2019-04-20 20:32:41
148,18,2019-05-30 06:05:50
148,9,2019-02-20 04:03:30
148,22,2019-06-02 13:10:04
148,25,2019-07-27 10:04:21
148,6,2019-03-26 01:22:55
148,16,2019-05-25 12:09:38
148,23,2019-07-22 22:55:52
148,20,2019-06-08 15:43:57
148,26,2018-10-24 13:33:27
148,9,2018-11-10 18:52:43
148,1,2019-06-07 21:35:24
148,6,2019-02-02 15:15:40
148,18,2019-03-23 05:59:34
148,13,2019-03-14 00:37:14
148,37,2019-07-06 04:55:13
148,17,2019-02-14 11:45:48
148,30,2019-04-26 03:32:58
148,6,2019-04-24 22:35:49
152,33,2019-02-25 00:58:28
152,43,2019-01-27 04:22:15
152,34,2018-10-15 18:54:55
152,20,2018-11-10 05:52:50
152,29,2019-02-23 21:04:29
152,15,2019-02-17 13:40:34
152,9,2018-10-23 20:33:19
152,8,2019-03-11 03:53:31
152,50,2018-11-16 19:17:42
152,4,2019-02-24 17:49:00
152,46,2019-06-24 17:34:24
152,18,2019-02-27 21:50:50
152,16,2019-02-28 12:25:31
152,43,2019-01-15 09:53:43
152,12,2019-04-22 05:59:44
152,11,2019-06-26 15:00:44
152,32,2018-11-26 13:53:01
152,28,2019-05-01 21:24:16
152,39,2019-03-15 22:48:52
152,29,2019-03-21 18:27:30
154,46,2018-10-10 13:47:08
154,10,2018-10-05 01:51:07
154,7,2019-04-14 05:50:25
154,16,2018-11-05 03:21:36
154,13,2018-10-03 22:21:18
154,9,2018-10-13 12:14:39
154,7,2019-01-11 09:32:46
154,26,2019-04-17 06:46:36
154,34,2018-10-22 15:48:11
154,28,2019-03-22 05:11:00
154,1,2019-05-17 11:13:58
154,44,2018-12-01 14:58:51
154,46,2019-06-16 12:13:06
154,47,2019-01-26 22:05:21
154,20,2019-01-06 12:32:44
154,10,2018-11-11 23:03:57
154,44,2019-05-16 07:12:34
154,10,2019-03-31 07:51:26
154,17,2018-12-10 13:26:04
154,47,2018-11-18 12:44:46
157,27,2019-06-01 01:16:30
157,20,2018-11-14 09:43:22
157,36,2019-07-27 06:55:06
157,36,2018-12-21 19:13:28
157,3,2019-03-24 16:06:47
157,16,2019-01-08 08:12:15
157,3,2018-12-04 00:23:16
157,5,2019-04-22 12:51:05
157,28,2019-04-11 09:32:34
157,2,2018-11-04 06:45:05
157,5,2019-03-23 13:32:37
157,14,2019-07-01 03:51:04
157,20,2018-12-14 19:23:31
157,31,2018-12-23 09:09:11
157,38,2019-07-09 02:59:31
157,39,2018-10-17 12:38:55
157,33,2019-01-22 02:24:35
157,44,2019-04-05 21:21:11
157,18,2018-12-18 08:43:16
157,10,2019-07-10 09:36:38
157,18,2018-10-15 17:58:44
157,35,2018-12-03 21:43:36
157,11,2018-10-25 07:40:08
160,27,2019-04-20 03:37:42
160,16,2018-10-04 17:41:12
160,11,2019-02-01 00:55:23
160,17,2018-11-02 17:29:43
160,27,2018-11-02 21:09:03
160,30,2019-05-06 16:25:08
160,19,2018-10-26 14:57:07
160,30,2019-07-08 16:26:32
160,20,2018-11-12 00:01:33
160,3,2019-05-02 13:49:44
160,39,2018-11-15 15:42:58
160,28,2018-11-01 19:12:11
160,23,2019-06-17 21:36:26