user_id,trail_id,star_rating,description,datetime
41,37,2,,2019-02-07 16:41:04
22,26,5,,2019-04-26 15:06:29
37,61,3,,2019-01-24 12:26:17
24,35,1,Awful,2018-12-05 9:58:59
26,42,2,,2019-07-08 13:25:55
23,8,4,,2018-12-25 9:37:43
11,38,3,,2019-07-20 16:56:09
23,47,3,,2019-01-22 9:21:15
13,15,2,,2018-11-23 8:06:28
10,50,3,,2019-05-19 7:26:56
50,34,1,Terrible,2019-02-17 16:19:59
39,16,1,Horrible,2018-11-01 19:47:08
19,19,2,,2019-03-03 11:53:23
22,6,5,Amazing trail,2018-11-08 19:39:09
32,53,4,,2019-04-23 7:11:23
48,43,1,,2019-06-29 13:47:47
19,53,5,Terrible Hike,2019-07-09 10:00:21
7,40,4,,2019-01-01 16:15:09
7,11,4,,2018-11-01 15:36:36
17,19,1,,2018-12-22 15:31:23
5,23,4,,2019-04-11 9:05:18
38,33,5,,2019-02-07 16:22:50
33,29,1,,2019-04-08 18:29:32
4,15,4,,2018-12-11 8:19:25
49,27,4,,2019-04-27 11:46:55
4,46,3,,2019-04-13 8:03:06
25,10,1,,2019-07-19 20:40:43
26,37,5,,2019-05-08 7:05:12
1,58,2,,2019-05-03 7:07:16
15,60,2,,2019-06-19 15:59:41
13,61,2,,2019-06-26 7:26:48
48,27,3,,2019-04-15 19:48:32
12,22,5,,2019-01-17 17:59:39
22,40,4,,2019-07-14 6:22:19
13,46,2,,2019-04-04 7:10:17
21,25,5,,2019-01-25 14:53:06
50,26,2,,2019-07-19 18:21:03
37,51,1,,2019-06-06 7:29:03
45,48,3,,2019-03-23 6:22:25
36,2,2,,2019-01-27 12:06:01
48,4,2,,2018-12-12 6:55:54
18,59,3,,2019-02-09 14:25:54
12,31,4,,2019-06-13 9:54:47
38,47,4,,2019-03-25 13:18:22
35,42,3,,2019-01-31 19:52:06
17,22,3,,2019-02-27 15:53:30
49,49,2,,2019-05-25 17:12:56
42,21,4,,2019-01-26 19:06:00
25,3,2,,2019-05-26 17:35:30
20,58,2,,2018-12-08 12:16:54
31,55,4,,2019-03-11 18:56:54
6,49,3,,2019-05-10 8:11:00
3,15,1,,2019-04-27 15:35:54
16,25,5,,2019-01-18 6:40:34
24,23,2,,2019-06-24 13:38:33
32,18,3,,2019-05-07 18:15:26
8,4,1,,2019-02-18 20:02:42
47,4,2,,2018-12-07 14:31:28
29,60,4,,2019-04-15 9:12:35
15,11,1,,2019-04-03 10:09:05
34,39,2,,2019-02-07 20:26:57
27,48,2,,2019-03-17 20:58:35
24,60,2,,2019-01-01 14:30:59
2,45,1,,2019-06-05 18:16:16
45,43,2,,2018-11-06 11:35:29
6,32,2,,2018-11-13 14:13:42
1,41,4,,2019-03-12 18:16:42
42,45,3,,2019-07-22 10:36:59
15,41,1,,2018-11-06 19:11:30
45,5,5,,2018-11-23 12:15:26
36,17,5,,2019-04-13 19:00:39
39,43,1,,2019-07-04 16:48:12
9,47,3,,2019-01-14 18:54:05
27,23,4,,2019-02-23 15:10:57
16,56,2,,2019-06-14 20:44:01
21,41,1,,2019-01-10 9:38:06
39,35,2,,2019-03-07 20:43:10
2,48,5,,2019-04-08 8:30:51
49,21,3,,2019-02-15 10:57:14
7,56,4,,2019-01-23 14:07:12
6,49,3,,2018-12-26 20:34:26
19,52,4,,2018-11-24 13:31:01
46,39,3,,2019-02-17 17:33:57
35,4,5,,2018-12-29 14:09:42
50,40,1,,2019-02-12 5:50:25
5,29,1,,2019-02-04 19:27:59
36,39,4,,2019-06-24 12:47:06
25,54,3,,2019-07-17 20:58:58
10,56,5,,2019-02-24 7:38:45
4,32,5,,2019-07-16 20:05:15
21,37,5,,2019-02-24 12:45:39
39,59,4,,2019-02-22 10:31:11
39,25,1,,2018-11-28 11:13:57
15,31,5,,2019-06-16 18:59:22
35,30,4,,2019-04-25 11:51:50
26,27,2,,2019-02-23 10:08:08
38,30,1,,2019-03-20 10:27:04
9,44,4,,2019-03-23 18:55:55
16,23,4,,2019-05-06 7:09:59
32,57,4,,2019-06-11 15:29:42
7,38,3,,2019-03-17 8:14:59
11,30,1,,2019-04-23 13:46:58
46,6,3,,2019-03-11 7:35:14
11,2,2,,2019-05-24 19:14:35
9,25,1,,2019-03-22 9:30:15
40,46,2,,2019-06-10 18:19:15
48,39,4,,2019-06-04 6:47:10
15,19,4,,2019-05-07 13:42:09
36,21,4,,2019-05-20 15:07:31
26,54,5,,2019-04-15 11:50:28
7,15,5,,2019-01-23 13:47:38
2,25,3,,2019-06-14 6:19:56
19,12,3,,2019-05-29 12:08:14
1,56,3,,2019-01-28 11:15:42
5,11,5,,2019-05-27 20:31:09
34,27,2,,2019-02-11 8:11:09
24,52,3,,2019-03-31 20:05:08
24,5,5,,2019-06-26 15:00:01
26,30,2,,2019-01-26 16:43:17
36,25,5,,2019-05-27 11:54:17
42,17,5,,2019-03-26 13:40:29
26,12,5,,2019-02-26 19:40:09
44,1,5,,2019-03-16 15:18:05
26,43,3,,2019-04-04 8:35:51
35,12,1,,2018-11-07 10:08:14
37,19,5,,2018-12-08 20:11:28
15,40,1,,2018-11-25 14:06:44
43,28,1,,2019-07-08 17:51:18
37,43,4,,2019-03-09 20:37:34
41,36,2,,2019-02-19 11:55:56
3,14,1,,2019-01-04 8:34:17
19,39,2,,2019-04-22 20:14:52
28,36,4,,2019-05-02 7:38:25
20,28,3,,2019-07-10 20:15:00
5,49,2,,2019-05-30 14:57:38
19,59,3,,2019-02-02 9:33:59
41,31,3,,2019-06-22 14:43:55
31,39,4,,2018-12-01 11:20:29
27,44,4,,2019-02-07 11:30:42
28,47,1,,2019-04-05 13:55:59
17,18,5,,2018-11-29 6:39:01
25,21,2,,2019-04-23 13:40:54
43,31,2,,2018-11-05 12:50:14
20,30,4,,2019-04-09 14:51:18
31,41,1,,2019-07-11 16:38:04
25,41,1,,2018-11-06 19:54:20
48,39,5,,2019-07-04 9:52:52
8,36,4,,2018-12-08 17:44:07
7,54,1,,2018-11-11 12:30:22
42,33,5,,2019-03-17 18:03:29
7,49,5,,2019-03-06 13:56:25
2,42,4,,2019-05-16 12:30:52
15,39,4,,2019-01-02 13:42:28
30,48,3,,2018-12-16 7:59:40
23,28,1,,2018-11-22 20:03:54
27,38,2,,2019-01-11 14:53:04
27,16,2,,2019-05-09 8:44:30
48,31,4,,2019-05-12 11:09:11
47,11,2,,2018-11-21 16:16:42
50,12,3,,2019-05-01 15:21:26
38,36,2,,2019-06-28 18:39:21
41,3,4,,2018-11-11 5:57:37
18,17,2,,2019-02-03 15:28:02
39,60,2,,2019-05-05 15:35:22
10,36,5,,2019-05-13 18:22:07
38,47,4,,2019-03-26 11:39:49
15,38,3,,2019-04-26 18:42:01
23,1,4,,2019-03-03 9:18:16
9,5,2,,2018-12-08 12:24:46
6,4,5,,2019-02-08 20:05:44
33,47,1,,2019-05-15 10:20:42
32,14,2,,2019-06-21 20:29:57
46,11,4,,2019-04-26 9:42:29
37,54,3,,2018-11-10 13:31:00
13,38,3,,2019-04-17 6:52:43
50,6,1,,2019-01-04 10:12:15
12,24,2,,2019-04-27 13:25:53
48,14,4,,2018-12-18 10:16:23
8,32,2,,2019-03-23 10:06:57
35,31,1,,2019-03-11 10:26:17
46,2,2,,2018-12-26 17:08:29
29,34,1,,2019-01-22 15:30:04
44,20,1,,2019-06-18 17:20:53
49,9,2,,2019-05-22 13:20:04
40,48,2,,2019-06-14 17:59:58
14,56,4,,2019-06-19 20:59:38
37,36,4,,2019-04-15 18:40:57
5,41,2,,2019-05-15 11:12:20
27,10,3,,2019-03-14 15:33:10
36,55,5,,2019-02-01 15:40:06
21,14,1,,2019-04-19 14:42:39
5,24,4,,2018-12-13 15:31:48
35,46,3,,2018-11-16 20:17:18
5,52,2,,2018-12-08 7:53:13
33,43,4,,2019-01-17 6:05:10
24,40,1,,2019-01-02 9:38:57
1,21,4,,2019-04-13 13:39:04
9,48,4,,2018-11-19 11:28:12
26,27,4,,2019-03-06 16:06:23
16,55,2,,2019-04-08 5:46:50
47,4,1,,2018-11-12 17:59:31
34,56,1,,2019-05-26 15:53:31
46,39,5,,2019-04-15 11:37:06
2,5,1,,2019-06-16 12:11:42
8,58,2,,2019-05-27 7:15:05
18,53,3,,2018-12-27 17:38:53
11,55,5,,2019-02-24 12:54:36
4,29,1,,2019-01-17 18:07:49
24,18,4,,2019-02-14 7:24:10
16,6,3,,2019-03-31 15:42:02
8,9,4,,2019-06-18 9:51:07
13,14,4,,2019-07-21 20:09:15
4,23,3,,2019-04-28 17:07:37
13,46,1,,2018-11-12 17:08:47
36,23,5,,2019-05-28 18:42:39
36,17,4,,2018-12-08 20:18:16
41,41,2,,2019-06-30 16:35:39
34,58,1,,2018-11-05 8:33:38
46,34,1,,2019-07-17 10:44:51
16,49,5,,2019-07-17 14:31:21
21,9,4,,2019-05-18 8:54:07
14,56,5,,2019-06-06 11:45:34
45,23,3,,2018-11-30 10:29:27
39,20,4,,2019-07-18 17:21:16
32,55,3,,2019-05-27 20:50:53
36,48,5,,2019-05-03 18:24:39
46,40,2,,2019-04-29 18:49:21
28,41,5,,2019-05-07 11:59:32
12,58,2,,2019-02-02 15:03:31
15,10,2,,2019-04-28 6:29:00
18,49,5,,2019-04-10 19:50:07
4,6,2,,2019-06-01 9:22:38
5,12,3,,2019-04-21 11:34:03
18,25,1,,2019-05-24 13:35:44
40,16,4,,2019-07-20 16:47:48
43,29,1,,2019-02-11 7:53:17
9,13,5,,2019-06-19 9:22:18
3,3,4,,2019-05-01 18:48:19
16,29,4,,2018-11-19 11:53:29
12,51,1,,2018-11-11 13:18:33
7,55,4,,2019-04-30 14:52:06
15,36,2,,2019-04-17 11:37:54
28,50,2,,2019-03-26 6:41:32
12,32,3,,2019-04-06 16:15:57
40,13,3,,2019-06-15 13:25:37
32,1,2,,2019-06-10 19:56:36
48,43,3,,2019-05-05 19:14:28
6,17,1,,2018-12-19 19:36:31
19,57,1,,2018-12-24 19:59:35
7,8,2,,2019-01-01 10:36:03
26,57,5,,2018-11-25 8:53:57
47,28,5,,2019-01-11 17:12:12
12,27,3,,2019-06-29 6:16:58
6,51,4,,2019-07-25 11:42:23
1,56,5,,2019-03-14 7:19:06
39,52,1,,2019-02-23 18:57:01
32,28,4,,2018-12-31 11:48:47
39,46,2,,2019-02-21 6:00:59
49,11,5,,2018-11-28 15:44:46
23,10,1,,2019-07-24 19:48:34
14,38,5,,2019-07-02 10:51:01
17,7,4,,2018-12-16 20:01:04
3,2,4,,2019-01-14 15:12:06
30,5,1,,2019-06-28 18:56:33
27,33,3,,2018-12-09 8:08:35
50,24,5,,2019-06-03 13:25:13
23,33,5,,2018-11-24 5:49:57
35,59,4,,2019-02-23 19:10:59
9,22,4,,2018-11-16 20:52:06
20,20,4,,2019-07-08 9:14:35
25,28,1,,2019-01-10 11:22:34
35,32,1,,2019-04-16 19:53:32
36,11,3,,2019-01-24 18:07:52
22,26,1,,2018-11-06 9:25:17
8,33,1,,2019-02-01 14:33:35
13,6,5,,2018-12-23 12:42:24
20,49,2,,2019-07-12 8:25:31
1,16,3,,2019-03-10 15:11:00
43,5,2,,2019-01-30 16:39:24
15,17,5,,2018-11-01 12:04:30
41,34,1,,2019-06-19 20:10:14
29,39,1,,2019-01-25 14:45:30
22,3,1,,2019-06-14 18:49:55
16,34,1,,2019-05-20 17:03:19
15,17,2,,2019-05-13 15:07:38
4,32,5,,2019-07-13 16:27:36
29,39,2,,2019-06-06 11:01:21
14,42,3,,2019-01-13 12:38:16
15,17,5,,2019-02-03 20:44:48
47,8,1,,2019-01-06 9:48:52
50,37,2,,2018-11-02 20:52:18
44,21,3,,2019-02-18 10:50:19
30,39,3,,2019-01-08 20:13:45
13,27,1,,2019-07-19 19:27:25
30,46,5,,2019-01-27 6:22:28
31,32,4,,2019-01-06 5:48:53
10,26,5,,2018-11-15 15:14:54
50,9,1,,2018-12-08 16:50:54
44,48,2,,2019-05-04 13:33:24
4,41,4,,2018-11-21 8:51:12
47,3,3,,2018-12-19 20:05:04
6,5,1,,2019-07-15 6:33:47
35,49,5,,2019-06-02 15:26:25
11,17,5,,2019-03-19 11:55:55
48,41,3,,2019-03-22 20:08:41
10,41,2,,2019-04-12 14:29:00
8,59,2,,2019-06-26 14:36:17
32,38,2,,2019-06-23 8:02:19
16,9,1,,2019-04-24 20:41:23
16,54,2,,2019-05-27 19:34:08
39,6,5,,2019-06-24 8:37:18
27,10,5,,2019-06-11 9:49:57
45,54,4,,2019-06-13 18:58:10
33,31,2,,2018-11-14 6:31:02
7,25,1,,2019-02-17 13:55:02
33,30,5,,2019-01-21 17:03:15
45,40,1,,2019-05-21 12:54:28
5,36,4,,2018-11-05 8:56:57
1,15,5,,2019-04-07 7:54:15
13,60,3,,2019-05-20 20:16:04
20,32,2,,2019-05-23 7:21:29
8,53,4,,2019-05-05 7:42:14
29,13,5,,2018-12-20 6:19:10
12,53,5,,2019-06-23 15:07:50
17,56,5,,2019-03-04 13:41:09
8,12,3,,2018-11-06 13:31:06
15,24,3,,2018-12-29 14:05:11
4,60,3,,2019-04-09 10:16:54
45,58,2,,2018-11-11 9:45:42
27,45,2,,2019-06-02 17:09:54
45,10,5,,2019-05-30 11:53:56
22,38,4,,2019-07-01 14:40:03
25,37,5,,2019-05-19 15:36:51
8,56,4,,2018-12-03 11:14:41
35,37,2,,2019-03-26 7:24:18
15,50,1,,2019-04-30 7:21:17
18,59,1,,2019-02-01 17:23:26
38,50,3,,2019-01-06 7:32:54
38,48,4,,2018-12-07 11:38:07
50,54,2,,2019-07-07 8:56:00
17,57,5,,2019-03-26 15:05:37
32,7,2,,2019-07-19 19:30:45
4,38,3,,2019-01-27 17:37:13
15,28,4,,2019-07-24 17:52:37
9,58,5,,2019-07-13 13:39:54
21,4,2,,2019-04-13 12:32:22
35,6,5,,2019-07-09 6:36:05
16,28,4,,2019-06-11 7:55:24
40,33,1,,2019-06-28 16:45:54
36,36,3,,2019-06-22 15:52:28
37,50,4,,2018-12-22 12:28:07
35,12,4,,2018-12-15 15:44:31
25,21,4,,2018-11-08 17:07:46
7,32,1,,2019-03-08 19:46:28
1,24,3,,2018-12-29 13:05:52
13,18,4,,2019-02-06 6:57:59
3,5,1,,2019-06-07 10:21:19
22,5,3,,2019-02-07 8:54:12
39,53,3,,2019-05-02 18:55:14
40,35,2,,2019-06-15 12:12:54
16,41,4,,2019-02-05 8:41:44
24,52,2,,2019-03-06 14:53:32
30,50,2,,2019-06-09 9:04:40
25,57,4,,2019-07-19 18:17:35
41,39,1,,2019-05-26 10:29:10
29,12,4,,2018-12-16 8:55:09
47,8,2,,2019-04-05 15:21:37
15,10,3,,2019-05-18 12:06:20
41,17,1,,2019-04-14 16:58:33
10,25,3,,2019-04-20 12:41:39
16,39,5,,2019-03-04 10:50:23
17,60,3,,2019-06-25 11:40:02
24,7,1,,2018-11-17 9:07:07
43,6,3,,2019-01-03 17:47:35
26,51,5,,2019-03-02 17:08:35
47,42,4,,2019-01-10 12:38:38
42,47,3,,2018-12-02 16:21:11
12,18,4,,2019-01-21 6:59:46
36,48,3,,2019-03-15 13:01:54
11,33,5,,2019-01-15 19:31:56
15,32,1,,2019-04-14 14:46:04
4,56,5,,2019-04-29 13:08:43
12,7,1,,2019-01-29 18:10:45
44,31,2,,2018-11-03 17:33:19
25,10,3,,2019-03-22 15:42:03
29,16,1,,2019-06-09 14:52:45
23,6,3,,2019-07-16 18:30:08
2,13,4,,2019-02-11 10:10:04
10,6,1,,2018-12-20 5:58:51
18,50,5,,2018-12-05 10:19:17
31,53,4,,2018-11-18 13:51:12
22,60,4,,2019-05-05 13:29:06
26,45,1,,2019-05-12 5:53:45
17,28,1,,2019-06-01 10:21:28
47,21,2,,2018-12-15 8:08:53
38,49,1,,2019-05-04 18:01:17
45,1,1,,2019-04-28 19:15:03
25,32,2,,2018-12-13 7:07:32
9,40,5,,2018-11-19 13:14:12
24,36,4,,2019-06-24 11:45:52
26,12,1,,2018-11-09 12:02:04
15,28,4,,2019-02-19 16:17:04
23,10,5,,2019-06-21 7:05:19
21,25,4,,2019-05-06 11:05:41
13,49,2,,2018-12-21 8:48:37
48,20,2,,2018-11-04 14:36:59
2,47,2,,2019-02-16 19:07:52
38,2,2,,2019-07-26 12:11:26
1,11,1,,2018-12-02 14:03:11
18,22,1,,2018-11-13 9:23:44
40,61,3,,2019-05-04 17:09:22
45,39,1,,2019-04-06 16:28:43
38,16,1,,2019-02-24 6:24:56
12,35,4,,2019-04-14 13:02:31
10,33,1,,2019-02-18 12:42:37
26,23,2,,2019-02-13 13:25:28
25,44,5,,2019-03-22 7:17:45
1,6,3,,2019-04-20 14:24:46
21,51,2,,2019-04-01 16:26:04
41,52,3,,2019-06-06 18:29:03
33,5,4,,2018-11-10 13:55:11
42,9,1,,2019-05-08 8:41:27
47,20,5,,2019-01-05 20:24:02
48,8,1,,2018-12-21 8:38:00
9,27,2,,2019-02-09 19:34:56
18,35,1,,2018-12-29 7:15:58
47,49,3,,2018-12-24 14:39:57
48,8,1,,2019-06-28 7:49:20
9,45,4,,2018-12-17 11:32:54
22,11,1,,2019-04-05 19:49:00
1,21,3,,2019-06-02 13:17:08
15,41,2,,2018-11-30 16:49:19
6,22,5,,2019-07-20 9:35:55
39,55,4,,2018-12-04 5:47:40
23,3,5,,2019-04-17 10:25:53
9,14,1,,2018-12-31 13:56:49
6,46,1,,2019-05-04 10:04:35
23,24,1,,2019-07-05 17:55:56
47,31,3,,2019-01-04 20:03:46
16,25,5,,2019-05-12 19:37:51
49,5,4,,2018-12-23 13:55:59
28,35,1,,2018-12-10 5:59:26
24,45,3,,2019-07-08 12:52:59
28,35,5,,2018-11-30 14:20:59
12,18,2,,2019-07-11 13:34:35
21,9,5,,2019-03-08 18:09:44
50,17,4,,2019-06-11 8:42:24
26,38,2,,2019-05-07 18:06:08
5,29,5,,2018-11-08 6:54:23
47,12,5,,2019-06-26 6:45:57
7,48,1,,2019-02-14 20:56:41
25,21,1,,2018-12-24 11:31:43
12,9,4,,2019-04-09 16:56:26
44,15,3,,2019-03-27 9:57:45
23,48,4,,2019-04-19 20:32:13
7,59,4,,2019-01-01 8:26:48
2,13,2,,2019-03-02 8:14:41
24,29,1,,2019-07-20 12:16:24
24,17,4,,2019-05-01 13:13:56
4,4,4,,2019-02-11 15:44:55
24,51,5,,2018-11-09 8:53:03
27,37,2,,2019-02-18 9:29:51
35,19,4,,2019-04-06 10:19:07
33,10,3,,2019-01-30 16:42:36
48,1,4,,2019-07-05 10:39:06
21,61,5,,2019-05-21 12:54:42
17,55,2,,2019-01-26 5:54:25
14,10,3,,2019-01-03 10:08:41
3,53,2,,2019-04-25 16:06:00
21,42,5,,2019-03-08 10:05:21
12,27,5,,2019-04-17 7:07:11
6,53,5,,2019-06-02 13:22:06
20,16,3,,2019-01-08 16:29:27
29,26,5,,2019-02-22 7:55:04
40,59,3,,2019-05-13 15:02:09
30,51,5,,2019-04-16 20:53:26
5,33,3,,2019-07-05 16:36:44
3,46,2,,2019-06-16 10:19:04
24,53,3,,2018-11-30 7:25:38
36,6,3,,2019-02-12 11:04:11
31,47,3,,2018-11-11 11:50:55
23,24,1,,2019-01-24 19:32:19
48,39,2,,2019-03-27 8:41:28
41,32,3,,2018-12-26 15:58:27
49,53,4,,2019-03-15 12:24:35
37,12,4,,2019-04-02 13:20:56
3,19,3,,2019-04-08 18:02:36
31,47,2,,2019-03-16 16:52:08
49,5,1,,2019-06-02 16:30:08
18,6,3,,2019-06-14 14:43:05
35,14,4,,2019-01-20 14:21:25
15,24,5,,2019-03-05 6:47:41
7,60,5,,2019-02-18 10:12:42
39,17,1,,2019-05-12 13:21:16
17,59,1,,2019-03-19 9:59:49
22,54,3,,2019-07-17 12:41:57
43,3,5,,2019-01-04 10:15:45
36,39,2,,2019-01-19 18:12:25
6,50,3,,2019-05-07 5:51:46
42,56,5,,2019-04-13 16:37:36
9,2,5,,2019-01-04 20:37:04
24,52,5,,2019-03-10 10:22:14
34,30,2,,2019-04-12 7:22:23
22,21,1,,2018-12-29 19:04:53
43,17,2,,2019-01-04 19:25:29
9,48,5,,2019-07-26 17:23:09
48,13,2,,2019-02-10 10:03:19
46,2,2,,2019-05-17 11:56:44
11,37,4,,2018-11-22 14:51:29
7,29,5,,2019-06-15 7:32:37
10,3,2,,2019-05-20 8:58:45
40,37,3,,2019-01-26 11:44:35
43,41,5,,2018-12-06 7:34:46
11,23,4,,2018-11-02 7:45:22
22,28,2,,2018-12-25 15:58:58
20,55,5,,2018-12-02 18:30:20
13,26,1,,2019-06-02 17:12:41
34,33,2,,2019-01-15 19:13:34
21,57,1,,2019-04-28 17:22:32
32,29,3,,2019-04-17 18:10:05
5,35,5,,2019-03-28 11:48:04
23,8,3,,2019-01-03 13:36:11
1,40,4,,2019-03-18 12:27:04
13,14,5,,2019-02-03 12:43:47
9,55,5,,2019-06-16 12:32:48
29,60,3,,2018-11-02 8:57:43
43,6,1,,2019-02-04 16:35:31
18,45,3,,2019-05-26 9:44:38
6,57,3,,2019-05-04 14:46:28
19,33,5,,2018-12-08 6:01:48
6,11,4,,2019-06-24 12:14:08
25,57,2,,2018-12-23 10:25:18
36,40,2,,2019-01-21 8:36:17
40,19,2,,2019-01-25 18:31:35
48,52,5,,2019-03-30 10:43:00
12,8,1,,2019-04-01 17:15:31
16,31,2,,2018-12-24 13:52:44
37,39,5,,2019-07-14 13:22:44
42,38,4,,2018-11-18 17:18:24
16,49,1,,2019-01-30 11:13:21
4,43,1,,2019-01-31 9:39:44
17,33,3,,2019-06-10 13:24:42
19,51,3,,2019-04-03 5:59:47
33,26,5,,2018-11-01 8:21:31
42,12,5,,2018-12-03 17:58:14
41,42,4,,2019-05-07 11:50:17
17,2,5,,2019-02-12 11:38:43
14,49,1,,2019-07-09 11:47:51
41,39,3,,2019-06-27 8:26:26
41,2,2,,2019-06-03 20:53:22
48,14,3,,2019-05-07 10:00:03
43,32,3,,2018-11-16 9:55:24
40,34,3,,2019-02-03 15:30:24
27,51,5,,2019-06-28 17:19:05
35,57,1,,2019-03-03 10:30:21
4,18,3,,2019-07-23 18:24:39
5,1,4,,2019-06-19 7:40:30
9,32,1,,2018-11-25 20:38:43
49,1,3,,2019-01-28 13:53:43
35,18,2,,2019-04-06 8:22:38
40,54,5,,2018-11-11 15:52:33
36,57,5,,2018-12-15 8:01:30
47,47,4,,2019-01-04 18:24:18
33,49,4,,2018-11-27 20:03:11
3,16,3,,2019-05-23 17:19:20
34,10,3,,2019-04-10 16:25:23
24,48,1,,2019-06-13 17:48:56
34,12,5,,2019-02-15 9:28:05
31,32,5,,2018-12-01 15:27:03
29,36,5,,2019-06-18 12:21:23
44,57,1,,2019-05-14 6:15:01
49,2,3,,2019-03-23 8:18:14
7,33,2,,2019-01-09 11:30:13
26,10,3,,2019-03-17 20:26:33
23,52,5,,2018-12-27 7:18:44
13,43,4,,2019-04-05 18:28:49
17,13,2,,2019-05-08 5:48:56
10,49,2,,2019-04-25 9:36:53
1,30,1,,2018-12-10 6:33:20
5,9,5,,2019-04-28 16:44:46
44,17,2,,2019-05-18 8:14:32
47,21,1,,2019-06-06 8:49:43
48,8,1,,2018-12-07 8:53:47
45,11,1,,2019-07-19 17:31:49
33,50,3,,2019-02-05 17:03:26
4,60,5,,2019-05-05 10:26:06
24,1,3,,2019-06-28 15:02:13
17,49,3,,2019-05-19 10:42:49
1,15,4,,2019-04-21 14:49:22
32,24,1,,2019-05-27 14:16:47
13,8,2,,2018-12-30 6:23:30
19,1,5,,2019-02-22 13:02:33
24,44,1,,2019-06-19 20:40:59
42,16,5,,2019-05-15 13:31:23
19,39,3,,2019-07-17 15:06:42
5,11,5,,2019-04-08 20:53:06
2,32,3,,2019-03-12 19:51:29
26,19,4,,2019-04-23 17:06:20
10,18,1,,2019-02-08 7:44:12
23,37,2,,2019-05-11 8:29:50
13,13,4,,2019-07-14 19:41:29
36,5,3,,2019-07-17 15:30:20
24,61,1,,2018-12-20 5:54:38
14,10,1,,2018-12-05 19:24:22
33,52,4,,2019-05-14 10:23:43
49,29,3,,2019-01-16 17:17:25
42,11,2,,2019-02-18 8:25:07
15,34,5,,2019-04-16 14:19:13
6,1,5,,2019-04-20 6:44:26
18,54,5,,2019-02-10 16:10:12
29,5,2,,2019-06-21 6:55:59
48,8,3,,2018-12-16 16:57:55
50,57,3,,2019-03-21 16:29:31
4,37,3,,2018-12-05 8:49:20
43,46,2,,2019-07-25 18:23:28
33,25,2,,2019-05-28 14:11:22
29,59,4,,2019-01-27 8:02:57
33,5,1,,2018-11-06 19:49:05
19,1,4,,2018-12-27 18:23:34
9,53,3,,2019-01-01 7:33:16
40,59,3,,2019-02-22 16:51:06
20,55,3,,2019-03-27 10:42:53
35,55,1,,2019-05-02 19:25:57
39,25,3,,2019-05-13 10:45:43
46,3,3,,2018-12-25 8:33:53
6,4,5,,2019-04-26 9:23:01
20,16,3,,2019-05-31 10:09:18
39,56,4,,2019-06-08 18:07:00
11,7,5,,2018-12-19 5:47:20
43,5,5,,2019-04-04 17:44:32
29,29,4,,2018-12-14 11:21:12
43,32,3,,2019-02-19 14:23:03
36,8,3,,2019-05-03 18:39:44
33,9,1,,2018-12-29 11:19:12
48,9,4,,2019-03-07 6:07:56
39,33,5,,2018-12-21 12:36:00
35,36,3,,2018-12-22 19:56:12
32,1,4,,2019-01-20 15:33:27
36,46,2,,2019-05-01 20:58:55
4,11,2,,2019-04-18 16:43:15
12,58,3,,2019-02-09 19:20:35
11,50,5,,2019-06-02 11:38:08
11,51,3,,2018-12-17 13:25:46
15,40,3,,2019-01-04 10:36:27
24,19,4,,2018-12-04 17:29:10
48,42,1,,2019-07-08 11:29:04
20,55,2,,2019-07-26 7:21:38
3,10,2,,2019-01-31 9:55:10
36,17,3,,2018-11-30 14:52:46
16,14,1,,2019-06-20 11:59:36
47,43,1,,2019-07-17 16:56:04
3,19,3,,2019-03-14 6:58:14
13,44,3,,2019-01-26 14:26:47
18,57,1,,2018-11-11 12:42:06
45,58,3,,2019-03-13 15:48:48
41,9,4,,2019-04-28 11:09:29
46,35,1,,2019-06-13 11:08:22
43,49,1,,2019-05-17 7:42:07
22,36,3,,2019-03-10 8:26:05
43,28,3,,2019-01-15 10:24:58
22,41,4,,2019-01-18 6:03:43
2,52,3,,2019-03-09 13:42:32
48,54,4,,2019-03-31 12:22:30
39,34,1,,2019-03-15 7:43:51
27,40,5,,2019-07-17 20:21:48
18,47,3,,2018-11-25 12:54:38
35,15,4,,2019-01-11 20:11:11
2,59,1,,2019-03-21 13:50:02
16,7,2,,2019-02-03 12:55:53
50,1,3,,2019-02-03 9:52:44
1,53,4,,2019-06-20 19:13:20
45,59,4,,2019-04-12 18:36:15
4,15,4,,2018-12-07 6:59:49
50,27,4,,2019-07-12 7:17:35
13,32,1,,2018-11-20 8:52:24
40,13,5,,2019-05-10 19:12:34
34,52,2,,2019-01-07 18:34:22
9,51,3,,2019-03-19 8:24:21
35,27,2,,2019-05-27 15:23:07
36,20,1,,2019-06-26 20:44:55
29,16,4,,2018-12-05 7:54:24
24,15,5,,2019-02-11 12:35:12
24,29,1,,2019-01-13 20:48:16
40,1,3,,2019-01-13 15:30:55
13,10,5,,2019-07-18 13:12:11
11,29,5,,2018-12-22 14:58:20
1,49,4,,2019-02-12 10:06:24
23,37,5,,2019-07-03 10:57:05
25,60,2,,2019-01-29 13:23:08
49,35,1,,2019-04-06 14:48:07
19,5,5,,2019-01-29 15:35:47
26,41,5,,2019-06-30 18:45:37
12,44,1,,2019-01-06 19:05:45
39,3,2,,2018-11-13 16:48:05
22,16,4,,2019-04-18 10:26:56
29,38,3,,2019-06-28 11:49:10
48,6,1,,2018-12-19 6:04:47
28,17,2,,2019-07-27 18:32:48
41,26,5,,2018-11-05 10:46:35
34,30,2,,2019-03-12 9:26:26
43,1,5,,2019-07-22 20:02:18
19,54,1,,2019-02-12 19:12:11
16,41,2,,2019-07-26 17:28:27
29,43,5,,2019-06-20 11:22:18
2,43,1,,2019-04-04 19:37:20
37,16,4,,2019-07-21 10:45:08
13,9,2,,2018-12-15 9:12:23
30,7,2,,2019-04-22 6:26:19
34,16,3,,2019-06-07 10:06:26
31,25,5,,2019-01-01 11:26:25
9,15,4,,2018-11-01 15:16:28
11,13,3,,2019-06-30 17:05:53
24,38,1,,2019-04-07 18:11:21
49,41,5,,2019-05-01 6:41:17
3,11,2,,2019-04-04 11:43:09
35,35,4,,2019-02-05 18:23:25
8,26,1,,2019-04-25 5:48:55
7,23,4,,2019-05-15 9:56:00
5,1,1,,2019-03-28 15:48:39
14,2,1,,2019-03-02 15:02:50
3,31,4,,2018-11-19 14:25:58
49,7,1,,2018-11-08 14:02:23
38,18,4,,2019-01-18 15:41:47
43,48,3,,2019-03-12 12:29:00
9,23,5,,2019-01-12 15:47:59
35,59,2,,2019-02-03 17:24:13
12,54,2,,2019-07-19 12:27:36
45,29,5,,2018-11-13 14:20:50
49,13,4,,2019-04-01 8:25:12
15,15,1,,2019-03-07 19:47:35
47,9,1,,2019-04-03 15:13:59
14,21,4,,2019-07-07 18:42:43
16,32,4,,2019-05-02 14:06:17
47,16,3,,2019-04-12 8:22:07
7,7,4,,2019-07-21 18:11:36
33,48,1,,2018-12-04 7:08:28
32,2,5,,2019-03-23 20:29:35
15,14,4,,2019-04-25 13:20:54
44,49,4,,2019-04-30 16:30:36
4,7,2,,2018-12-27 8:37:42
13,38,1,,2018-12-31 7:53:29
37,42,3,,2019-02-18 6:17:57
40,43,3,,2019-05-11 16:15:07
14,34,3,,2019-04-30 7:19:55
31,49,5,,2019-04-23 15:32:40
7,21,1,,2019-05-08 9:44:49
45,39,3,,2019-05-29 6:59:51
48,13,4,,2018-11-24 12:18:34
35,28,2,,2019-01-05 14:37:38
16,45,4,,2019-05-24 16:40:33
11,10,2,,2019-05-11 18:23:26
21,11,4,,2019-01-27 13:43:00
2,6,5,,2019-01-14 19:17:16
38,23,5,,2018-12-14 9:56:58
23,35,4,,2019-03-12 8:46:11
19,40,3,,2019-02-06 11:06:38
18,26,5,,2019-06-20 16:41:33
9,9,4,,2018-12-24 8:59:50
43,44,2,,2019-06-01 20:11:04
47,61,5,,2019-02-19 8:42:23
10,5,5,,2019-03-12 12:03:13
33,1,3,,2019-06-06 17:18:03
19,53,4,,2019-01-13 20:41:04
7,48,1,,2018-11-11 20:13:59
42,59,1,,2018-11-08 17:04:13
18,34,5,,2019-05-04 9:10:49
42,22,1,,2019-02-25 5:45:17
40,13,3,,2019-05-16 9:14:24
15,47,1,,2019-07-03 6:47:48
34,28,3,,2019-01-26 13:28:20
12,19,4,,2019-06-19 20:54:01
4,13,2,,2018-12-22 17:50:36
16,48,1,,2019-03-11 7:30:08
29,42,1,,2019-03-16 10:36:25
34,31,5,,2019-04-16 17:20:49
33,2,3,,2019-02-23 12:52:25
36,36,2,,2019-02-18 18:06:57
9,42,3,,2019-05-23 11:31:38
3,12,2,,2019-01-08 14:10:26
19,61,5,,2019-05-23 11:23:55
35,9,3,,2019-03-18 16:10:33
21,37,1,,2019-05-01 5:49:44
9,3,1,,2019-01-08 16:07:18
9,47,3,,2019-03-18 7:47:26
47,45,1,,2019-04-10 14:26:16
40,2,2,,2019-03-03 10:56:19
47,19,5,,2019-03-01 8:48:42
40,13,5,,2019-07-25 20:46:28
42,7,4,,2019-01-17 14:53:43
41,7,5,,2019-01-06 19:47:49
1,30,5,,2019-06-22 7:07:08
20,34,2,,2019-06-26 9:03:44
31,1,5,,2019-02-11 20:28:39
24,11,5,,2019-05-31 7:03:53
16,55,2,,2019-03-25 11:43:34
28,29,4,,2019-05-26 15:15:06
19,34,2,,2019-04-15 18:10:15
23,55,1,,2018-11-12 18:12:05
44,12,5,,2018-11-27 10:07:50
14,5,1,,2019-01-30 7:39:03
28,5,1,,2019-02-12 18:34:00
10,40,4,,2019-05-31 5:54:11
33,25,2,,2019-02-18 15:15:02
31,28,1,,2019-01-14 20:10:40
37,23,4,,2019-02-28 13:02:43
21,21,1,,2018-11-07 9:08:03
1,11,3,,2019-06-21 6:49:45
11,11,1,,2018-11-16 9:15:21
15,4,2,,2018-11-05 9:36:49
24,44,3,,2018-12-05 12:26:47
20,35,1,,2019-05-23 6:05:18
33,37,4,,2019-04-05 8:41:53
17,52,4,,2019-01-28 9:11:40
46,11,5,,2018-11-04 18:48:05
17,51,1,,2019-05-16 14:59:11
23,15,4,,2019-03-04 15:45:24
28,40,5,,2019-04-30 19:12:19
4,15,5,,2019-02-04 11:49:47
38,34,1,,2019-01-04 16:25:37
40,6,1,,2019-01-13 6:36:11
25,14,4,,2019-03-11 14:37:43
22,32,2,,2018-12-19 10:25:03
18,39,1,,2019-03-23 15:36:16
3,24,5,,2019-07-25 19:51:09
11,10,2,,2019-03-21 19:36:51
47,53,3,,2019-06-26 10:11:55
23,1,2,,2019-02-03 11:04:27
27,61,3,,2019-02-22 6:33:27
28,10,5,,2019-05-02 15:48:13
8,50,5,,2019-02-26 14:13:07
9,52,3,,2018-12-08 11:39:22
44,2,2,,2018-11-26 6:26:14
46,2,1,,2018-11-19 19:03:55
30,4,2,,2019-04-04 15:54:37
25,1,5,,2018-12-14 14:37:31
9,56,4,,2018-12-13 7:14:00
13,26,4,,2019-05-05 16:31:07
34,13,4,,2019-07-07 17:07:24
37,23,3,,2019-06-17 19:23:11
31,55,1,,2019-05-09 9:45:13
5,55,4,,2019-06-17 7:36:17
45,59,2,,2019-05-27 12:51:27
19,8,3,,2018-12-19 7:54:56
40,39,4,,2019-05-21 12:22:42
39,27,5,,2019-07-04 7:54:57
8,1,1,,2018-12-16 6:15:33
30,30,4,,2018-11-17 16:12:12
27,24,1,,2019-06-08 10:43:45
26,8,1,,2019-05-27 18:07:35
15,57,2,,2018-11-17 10:07:08
33,1,3,,2019-02-02 18:33:36
32,37,5,,2018-12-05 10:53:04
37,15,5,,2018-11-13 6:25:53
48,52,5,,2019-01-19 19:24:34
23,44,2,,2019-03-28 17:13:41
2,9,4,,2018-11-10 11:03:03
29,17,5,,2018-12-29 11:22:26
39,42,3,,2019-07-17 15:37:17
26,30,1,,2019-01-18 8:06:58
24,23,3,,2019-07-21 18:34:54
4,36,3,,2019-07-25 17:22:05
42,7,4,,2019-05-21 14:33:39
27,29,5,,2018-12-31 6:53:28
38,11,3,,2019-01-30 12:49:03
30,37,2,,2018-11-02 11:39:13
21,38,2,,2019-04-27 10:53:38
23,7,1,,2018-11-24 12:53:13
30,32,1,,2019-03-22 17:18:36
45,54,1,,2019-05-10 20:45:22
17,30,3,,2019-02-14 12:28:53
22,30,2,,2018-12-16 8:35:09
35,20,1,,2018-12-10 19:17:54
33,51,1,,2018-12-12 11:55:20
20,11,2,,2019-02-16 16:32:10
43,3,4,,2018-12-30 7:17:55
45,33,5,,2019-04-15 10:14:07
37,33,2,,2018-11-30 6:01:13
18,31,4,,2018-12-29 13:59:15
20,13,2,,2019-06-05 20:45:33
18,53,4,,2018-11-02 19:51:33
4,35,5,,2019-06-18 13:36:35
29,5,1,,2019-05-11 8:10:14
14,50,3,,2018-11-01 12:37:22
49,43,4,,2019-04-14 19:46:52
35,37,1,,2019-04-22 9:16:22
35,37,3,,2019-05-25 18:15:16
10,16,3,,2019-05-28 6:58:20
49,14,1,,2018-12-01 10:45:07
14,2,4,,2019-06-15 17:15:35
11,60,5,,2019-03-12 15:33:57
44,40,3,,2019-04-17 7:23:42
5,50,4,,2019-06-07 12:49:39
13,24,3,,2019-03-25 17:09:02
25,21,4,,2019-03-22 14:43:06
40,25,3,,2019-06-13 7:37:56
28,60,2,,2019-04-07 16:51:59
15,44,3,,2019-01-10 19:44:01
5,42,5,,2019-01-09 15:47:21
1,27,1,,2019-05-03 16:58:01
35,24,3,,2019-05-20 16:17:33
32,25,2,,2019-05-13 17:55:59
21,25,4,,2018-11-28 8:21:12
23,8,3,,2018-11-20 8:09:49
17,11,4,,2018-11-01 15:43:50
30,25,1,,2019-03-18 17:18:31
27,2,3,,2019-05-24 13:33:27
25,17,1,,2019-01-26 6:07:20
24,6,4,,2019-07-03 8:12:19
48,55,1,,2018-12-20 18:11:55
23,52,1,,2019-04-23 11:09:17
13,22,2,,2019-04-01 9:26:01
40,54,1,,2019-02-02 19:04:56
27,55,4,,2019-06-12 13:59:12
7,40,3,,2019-07-25 17:27:52
33,47,1,,2019-05-08 20:55:04
17,10,3,,2019-06-20 14:29:42
36,32,4,,2019-04-29 16:01:35
14,59,4,,2019-04-10 9:31:35
19,24,4,,2019-04-15 11:34:28
18,43,4,,2019-02-11 6:53:42
32,58,2,,2019-06-08 14:29:28
29,38,5,,2019-02-21 11:39:02
35,11,2,,2019-07-21 20:13:42
1,60,4,,2019-03-10 7:48:42
14,13,2,,2019-03-16 16:48:08
5,10,4,,2019-04-29 13:57:08
3,15,1,,2018-11-14 12:10:46
23,14,1,,2019-01-10 8:12:56
36,1,5,,2019-06-17 6:13:01
4,8,3,,2019-03-19 9:19:51
8,52,4,,2019-06-04 11:56:50
28,35,5,,2019-05-11 13:03:54
9,43,2,,2019-02-22 17:37:56
18,10,1,,2019-01-05 5:59:00
11,61,5,,2019-04-11 19:55:01
22,32,4,,2019-04-28 12:56:20
28,37,3,,2018-12-17 12:36:59
32,24,3,,2018-11-05 15:44:47
49,25,4,,2019-04-16 14:25:17
40,11,4,,2019-04-11 8:52:29
17,23,5,,2018-12-27 6:16:20
14,7,4,,2018-12-17 14:41:51
14,15,3,,2019-02-03 11:35:16
24,15,1,,2019-03-28 14:29:42
31,12,2,,2019-05-07 19:40:38
14,36,1,,2019-04-26 7:53:22
17,33,5,,2019-05-05 20:29:55
29,15,2,,2018-11-29 19:07:23
3,3,1,,2018-11-24 16:13:39
18,52,3,,2019-02-04 8:05:46
50,26,5,,2018-12-29 6:49:38
20,18,3,,2018-12-14 20:17:35
22,24,1,,2019-06-22 19:28:22
45,36,4,,2019-06-03 12:19:05
30,21,2,,2019-06-05 8:07:14
10,42,3,,2019-07-24 11:40:06
36,34,4,,2019-02-27 17:00:04
30,9,1,,2019-03-06 16:09:55
40,18,5,,2019-02-26 19:38:01
11,57,5,,2018-12-27 14:55:30
23,14,2,,2019-04-15 19:29:29
26,45,2,,2019-06-27 13:58:42
25,19,2,,2019-03-08 9:29:10
2,26,5,,2019-05-10 12:36:55
50,12,5,,2019-05-12 18:10:28
1,22,2,,2019-01-26 8:44:01
8,11,5,,2019-07-03 17:02:38
25,46,5,,2019-05-28 19:33:04
29,42,2,,2019-06-23 15:58:35
47,2,3,,2019-06-10 7:22:21
27,61,1,,2019-04-21 9:10:39
28,37,1,,2019-01-08 18:52:10
40,32,5,,2019-05-26 18:12:40
47,21,3,,2019-02-16 11:18:47
12,58,3,,2019-06-30 11:58:31
43,61,2,,2019-01-11 11:53:41
45,7,3,,2019-04-02 13:12:39
49,3,2,,2019-03-25 16:50:41
20,33,4,,2019-06-21 7:33:47
26,18,5,,2018-12-14 11:08:57
50,13,3,,2019-07-10 13:00:57
14,29,2,,2019-01-09 10:58:56
14,26,3,,2019-05-24 9:49:34
42,34,5,,2019-07-07 9:41:59
49,2,1,,2019-01-22 7:24:33
19,56,2,,2019-04-02 12:39:02
2,52,3,,2019-03-20 19:36:44
20,30,4,,2019-05-30 9:43:05
40,33,2,,2019-02-06 17:42:53
33,56,1,,2018-11-23 10:48:49
10,14,2,,2019-02-01 9:04:47
4,10,1,,2019-04-06 8:08:02
35,6,5,,2019-07-12 19:21:28
11,51,3,,2019-02-28 13:21:53
39,38,4,,2018-11-01 20:48:02
48,48,1,,2019-06-03 19:26:57
39,56,4,,2018-12-06 16:46:12
7,52,5,,2018-12-17 14:58:04
32,33,1,,2019-05-17 15:43:21
19,3,2,,2019-02-02 17:57:12
22,81,2,,2019-04-29 21:57:23
7,62,2,,2019-01-05 03:32:20
39,64,1,,2019-02-19 22:48:00
10,95,4,,2019-05-19 10:38:54
18,75,1,,2018-12-11 23:45:03
49,78,1,,2019-01-21 11:26:52
11,65,4,,2019-01-04 06:36:34
33,83,5,,2018-12-20 03:24:00
24,67,3,,2019-05-01 03:28:00
28,94,5,,2019-07-14 00:03:37
5,89,4,,2019-06-16 04:18:31
4,90,1,,2019-06-08 11:49:01
41,91,5,,2019-06-30 16:22:17
19,70,5,,2019-04-26 19:03:30
3,73,5,,2019-06-18 00:55:16
13,89,1,,2019-07-20 07:45:13
36,82,3,,2019-07-19 04:58:04
27,64,4,,2019-01-10 20:58:20
38,89,5,,2019-05-22 02:22:19
49,81,3,,2019-01-09 18:47:09
14,62,3,,2018-12-22 20:02:55
11,82,2,,2019-01-21 23:38:42
46,83,5,,2019-04-17 11:38:56
10,76,5,,2019-03-13 07:49:55
29,75,3,,2018-12-09 00:03:07
26,67,4,,2019-06-26 18:21:54
16,83,2,,2019-01-01 00:14:53
45,64,2,,2019-01-01 01:54:44
18,96,4,,2018-11-21 14:02:19
42,74,3,,2019-02-07 08:23:07
35,65,1,,2018-12-27 20:58:27
33,96,3,,2019-01-27 20:27:41
40,73,2,,2019-01-28 19:45:51
13,81,4,,2018-12-16 12:01:01
11,94,4,,2018-12-22 04:08:59
35,75,1,,2019-01-31 03:29:16
14,71,2,,2019-04-01 22:16:10
27,87,5,,2019-03-09 20:56:46
50,72,2,,2019-04-18 07:42:03
43,67,3,,2019-01-01 10:37:34
43,92,4,,2018-11-28 04:43:28
18,81,1,,2019-05-08 02:37:55
26,72,1,,2019-06-15 17:23:49
47,94,1,,2019-01-22 02:34:11
31,96,3,,2018-12-22 02:18:39
2,86,3,,2019-06-13 13:06:30
31,68,3,,2019-03-02 13:44:52
10,81,2,,2018-11-17 20:26:12
34,66,4,,2019-04-05 18:43:21
34,85,4,,2019-05-08 02:41:02
30,69,2,,2019-01-20 13:11:16
17,95,3,,2018-12-08 22:50:27
9,77,5,,2019-01-30 08:56:07
3,95,2,,2018-11-30 12:35:32
6,62,4,,2019-01-11 21:29:57
36,64,4,,2019-06-09 12:12:18
43,81,5,,2019-02-18 06:52:31
32,93,5,,2019-04-14 08:44:42
29,76,2,,2019-06-09 17:36:01
27,67,2,,2019-03-27 18:55:11
10,82,3,,2018-11-09 07:14:49
11,76,2,,2018-12-30 02:57:25
30,94,4,,2019-02-13 18:09:27
25,91,2,,2019-03-23 04:17:00
44,91,1,,2019-03-15 21:50:11
23,94,3,,2019-07-17 16:00:36
26,88,5,,2019-01-13 10:54:10
3,66,4,,2018-11-14 09:58:51
3,91,2,,2018-12-11 06:57:47
14,71,2,,2019-02-02 21:19:19
36,84,2,,2019-05-17 20:29:49
39,84,1,,2019-03-18 05:40:34
44,62,5,,2019-04-20 22:22:58
48,64,4,,2019-01-04 14:11:20
46,72,4,,2019-01-31 22:41:25
34,88,3,,2019-02-18 05:02:29
35,65,4,,2019-06-01 07:26:32
3,87,5,,2019-06-03 16:44:36
39,66,3,,2018-12-23 18:07:04
8,66,2,,2019-02-22 10:45:25
7,74,2,,2018-11-02 20:53:59
47,89,3,,2019-07-05 01:00:46
30,75,5,,2019-01-18 00:18:21
30,81,5,,2019-02-09 17:46:14
2,84,5,,2019-07-11 20:22:50
26,62,1,,2019-01-20 13:35:27
8,72,2,,2018-12-17 22:55:07
12,91,5,,2019-04-16 01:40:40
19,64,2,,2018-12-25 05:58:54
19,67,2,,2018-12-05 18:36:53
21,95,1,,2019-02-17 06:19:03
29,85,5,,2019-03-06 05:50:23
20,85,4,,2018-12-27 12:45:38
14,88,3,,2019-07-15 05:26:07
45,75,1,,2019-01-07 23:08:00
44,94,2,,2019-03-23 10:16:59
28,79,1,,2018-12-22 12:19:01
3,88,5,,2019-02-22 17:51:09
13,96,1,,2018-12-05 04:22:13
11,81,5,,2019-04-27 03:13:21
20,85,4,,2018-11-28 20:54:09
19,63,3,,2018-12-03 08:48:59
18,93,1,,2018-11-18 19:45:03
44,75,3,,2019-01-09 06:46:22
13,75,3,,2019-04-15 11:40:00
1,76,2,,2019-03-14 06:24:41
19,74,1,,2019-06-21 04:36:50
6,63,3,,2019-03-11 09:17:44
44,90,1,,2019-03-01 01:19:10
12,71,5,,2019-01-21 18:12:44
12,66,2,,2019-01-02 08:12:38
43,70,1,,2018-11-03 18:54:43
31,87,4,,2018-12-30 07:33:39
25,73,5,,2019-04-06 09:32:36
27,83,4,,2018-12-13 18:44:47
49,79,5,,2019-06-21 04:57:48
17,72,4,,2019-06-04 02:58:58
22,66,5,,2019-01-12 00:23:29
28,89,3,,2019-03-29 21:47:04
6,63,4,,2019-06-20 16:48:06
6,66,1,,2019-01-19 20:54:19
14,87,2,,2019-06-13 19:42:50
43,79,1,,2019-03-21 02:49:46
12,73,3,,2019-06-28 11:37:01
8,91,1,,2019-06-12 07:27:20
17,73,1,,2019-07-24 18:24:40
46,74,2,,2019-04-27 16:02:22
12,63,1,,2019-07-01 22:49:00
23,85,3,,2018-12-11 02:28:21
14,77,4,,2019-04-25 14:06:58
41,94,5,,2018-11-12 00:15:12
49,71,2,,2019-03-20 13:33:38
38,84,3,,2018-12-27 12:40:27
1,89,2,,2018-12-19 19:23:05
29,96,4,,2018-12-24 05:34:06
37,64,3,,2018-12-01 02:51:47
32,91,3,,2018-12-26 07:46:48
17,74,2,,2019-02-02 08:31:11
18,73,5,,2019-03-26 16:33:48
39,85,3,,2019-07-04 18:54:28
33,88,4,,2019-02-14 10:15:11
40,64,5,,2018-11-14 05:17:09
9,83,3,,2019-04-12 19:52:20
6,77,5,,2019-03-07 07:58:33
36,75,5,,2019-05-17 00:03:25
46,93,2,,2019-02-04 19:56:58
28,86,4,,2019-07-14 14:10:12
17,94,4,,2018-12-12 16:15:15
4,79,2,,2019-02-22 06:17:51
39,63,1,,2018-12-01 06:17:06
49,95,2,,2018-12-07 01:41:56
11,74,1,,2018-11-30 01:59:38
46,74,5,,2019-01-03 12:38:55
47,91,4,,2019-04-22 01:14:50
37,82,5,,2019-06-26 15:39:28
50,72,4,,2019-02-03 16:20:19
24,64,3,,2019-06-08 19:52:48
3,79,1,,2019-07-02 19:46:47
37,65,2,,2018-12-16 18:39:31
39,89,1,,2019-01-08 15:13:36
24,73,1,,2018-12-14 12:18:07
35,93,5,,2019-07-18 13:32:29
16,94,3,,2019-02-04 17:29:29
24,90,1,,2019-06-20 08:46:44
28,65,5,,2018-12-26 09:05:08
8,69,3,,2019-04-09 15:22:47
4,66,4,,2018-12-25 22:52:27
37,94,3,,2019-01-05 07:10:15
20,78,4,,2019-07-09 14:10:48
44,93,5,,2019-01-12 04:44:11
25,93,5,,2019-04-10 11:42:50
21,96,4,,2019-06-11 06:58:56
43,70,1,,2019-05-09 04:57:58
27,71,5,,2019-03-13 14:07:02
1,93,3,,2019-07-13 22:16:50
41,63,4,,2019-03-23 18:57:49
37,95,5,,2019-05-30 23:23:07
42,96,4,,2019-06-18 11:49:04
34,79,2,,2019-03-03 01:18:56
9,72,2,,2019-06-03 00:46:15
17,77,5,,2019-04-08 22:52:17
6,62,5,,2019-06-14 01:08:31
16,87,5,,2019-01-20 23:06:44
44,66,3,,2019-03-23 18:11:04
1,87,2,,2019-02-26 08:19:43
43,80,5,,2019-03-13 12:32:29
50,62,5,,2019-05-25 01:54:51
42,88,3,,2018-12-25 21:03:06
30,92,5,,2019-03-03 16:28:37
40,89,4,,2019-06-08 14:06:13
25,83,3,,2019-06-21 09:35:32
10,66,4,,2019-06-04 12:35:51
23,68,1,,2019-07-18 13:18:03
22,65,3,,2018-11-23 10:39:43
41,75,1,,2019-01-01 13:09:43
9,91,1,,2019-06-22 10:30:17
33,74,1,,2019-03-30 15:22:23
1,72,3,,2018-11-27 01:02:07
34,63,3,,2019-02-15 19:24:41
27,77,1,,2019-05-05 23:32:03
5,66,1,,2019-01-14 14:47:23
48,69,5,,2019-03-17 20:24:12
49,75,1,,2019-01-05 13:20:05
47,62,1,,2019-05-14 22:17:46
4,71,4,,2019-01-27 01:33:58
34,80,4,,2019-01-14 12:09:28
26,74,2,,2019-03-22 10:27:52
31,92,2,,2019-04-19 09:53:28
20,75,4,,2019-05-27 16:56:04
16,67,2,,2019-01-14 00:04:03
31,82,4,,2019-02-19 14:04:02
20,82,2,,2018-12-07 16:56:06
5,93,3,,2019-03-19 15:17:51
34,72,1,,2018-11-26 14:11:57
30,70,1,,2018-12-01 03:44:40
31,80,2,,2018-12-11 08:33:20
7,89,1,,2019-01-24 12:30:06
34,66,1,,2019-04-12 12:15:02
32,65,2,,2019-05-13 09:02:35
28,87,1,,2018-12-29 11:49:28
13,93,1,,2019-04-30 13:15:29
12,64,1,,2018-11-21 20:27:52
19,88,2,,2018-12-10 00:36:15
21,86,3,,2019-06-18 14:07:20
21,65,2,,2019-06-11 03:33:23
42,70,4,,2019-02-16 02:04:05
33,77,5,,2018-12-05 10:46:50
37,68,1,,2019-02-03 02:16:07
24,71,2,,2018-11-25 12:12:56
42,68,5,,2019-01-05 08:50:04
19,81,4,,2019-07-08 19:20:54
19,81,1,,2019-05-05 17:11:40
2,67,1,,2019-07-20 19:30:01
28,73,5,,2019-07-18 09:08:17
39,82,1,,2019-06-11 22:35:48
45,90,2,,2019-02-24 23:19:43
30,67,1,,2018-11-29 05:14:44
39,63,2,,2019-02-03 15:03:43
49,76,4,,2019-05-19 03:52:35
49,83,2,,2019-01-01 09:38:34
3,85,3,,2019-04-14 13:33:51
27,92,2,,2019-06-29 08:50:11
2,69,5,,2019-04-08 14:48:34
48,72,1,,2019-01-01 18:16:44
41,82,3,,2019-06-30 14:01:43
7,74,3,,2019-02-26 11:29:41
28,96,5,,2019-05-28 13:57:29
13,85,5,,2019-04-20 02:23:29
46,75,4,,2019-04-29 01:13:42
5,89,5,,2019-01-24 14:56:05
18,73,3,,2019-01-24 13:40:59
46,85,1,,2019-01-12 03:29:58
9,94,5,,2018-12-07 14:14:31
44,79,1,,2019-07-17 19:02:14
14,92,2,,2019-04-02 08:10:40
44,83,1,,2019-06-25 20:49:26
20,67,2,,2018-11-24 17:05:15
21,79,3,,2018-11-09 18:14:05
31,80,1,,2019-06-06 06:53:24
23,75,1,,2019-01-14 11:29:59
5,89,3,,2019-05-22 15:19:02
40,80,3,,2019-06-24 14:10:33
8,78,3,,2018-11-11 10:40:02
1,65,3,,2019-01-31 21:27:10
22,92,1,,2018-11-12 18:37:13
28,94,5,,2019-06-10 21:54:51
3,80,4,,2019-04-20 09:31:25
6,92,2,,2018-11-08 08:21:57
37,83,2,,2019-05-29 22:16:13
42,67,1,,2019-05-31 22:14:04
12,72,5,,2019-02-09 13:41:52
45,73,1,,2019-06-30 03:52:45
6,69,4,,2019-01-15 18:01:06
4,73,4,,2018-12-12 06:49:51
42,84,3,,2019-03-17 06:00:59
26,94,4,,2019-06-18 04:17:20
35,96,3,,2019-03-25 19:27:55
10,75,1,,2018-11-04 00:44:59
10,64,1,,2019-03-09 08:45:37
32,62,1,,2018-11-11 10:34:15
32,74,2,,2019-03-21 17:44:51
19,62,2,,2018-11-28 08:30:44
40,67,5,,2019-04-21 18:02:15
40,86,4,,2018-12-23 05:14:51
13,66,2,,2018-12-17 16:05:01
9,82,5,,2019-04-16 20:39:52
17,84,2,,2019-04-04 09:30:13
32,85,2,,2019-01-17 17:13:25
47,73,4,,2019-04-15 17:34:50
1,67,2,,2019-02-17 08:49:26
38,68,5,,2019-06-23 09:54:13
14,62,5,,2019-02-19 19:36:30
19,86,4,,2018-12-05 16:09:39
10,66,1,,2018-12-09 03:30:07
40,66,2,,2019-07-05 14:54:19
40,71,5,,2019-03-04 03:09:57
8,66,1,,2019-06-22 13:56:53
28,81,1,,2019-06-25 05:20:40
25,79,2,,2018-11-23 04:42:33
28,73,1,,2019-03-10 12:56:29
26,64,5,,2018-12-28 23:33:30
14,83,1,,2019-03-30 00:47:21
18,90,1,,2019-06-27 21:26:48
34,85,3,,2018-12-31 20:09:08
14,75,2,,2018-11-17 08:22:19
32,84,2,,2019-03-17 23:05:15
15,96,1,,2019-04-08 01:52:32
34,72,4,,2019-03-06 08:52:53
11,78,1,,2019-02-25 02:59:09
7,75,4,,2019-04-19 00:19:25
32,77,5,,2019-06-24 21:04:03
7,87,3,,2018-12-15 11:22:55
2,86,4,,2019-07-27 22:35:42
41,89,1,,2018-12-14 12:04:23
22,84,1,,2018-11-26 21:46:50
13,93,1,,2019-06-27 17:25:31
46,78,3,,2018-11-20 05:42:33
22,78,3,,2019-02-18 10:44:57
23,84,5,,2019-01-28 04:07:47
10,88,5,,2019-01-09 08:48:50
23,68,5,,2019-02-24 15:29:37
31,76,3,,2019-03-07 23:20:08
1,67,2,,2019-03-30 21:11:43
3,92,3,,2019-06-10 03:21:36
15,86,1,,2019-04-25 20:04:12
49,81,5,,2019-05-13 03:04:58
16,73,2,,2019-04-20 20:41:43
19,82,4,,2019-05-19 20:49:27
43,91,3,,2019-02-16 04:15:28
34,73,5,,2019-03-30 14:43:04
30,71,2,,2019-03-10 02:01:00
27,74,5,,2019-04-02 02:06:20
27,95,5,,2018-11-18 12:19:32
33,75,4,,2019-01-26 22:12:13
37,64,5,,2019-07-09 16:03:02
21,88,2,,2018-12-03 10:26:28
5,87,1,,2018-11-25 20:16:57
36,83,2,,2019-07-16 00:55:47
21,69,2,,2019-05-15 12:38:15
32,80,3,,2019-01-09 09:51:52
33,90,2,,2019-07-22 12:43:09
40,74,5,,2019-03-30 12:20:19
28,85,2,,2018-11-09 17:06:42
40,87,4,,2018-12-09 09:34:54
33,88,5,,2019-03-29 21:57:33
1,93,5,,2019-06-05 04:50:49
1,82,5,,2019-02-23 20:06:27
20,88,2,,2019-05-21 15:09:30
24,80,5,,2018-11-04 10:55:25
47,74,5,,2019-04-27 02:00:34
24,65,4,,2019-04-07 01:29:33
37,77,5,,2019-02-15 23:52:12
26,66,4,,2019-03-14 02:58:54
43,66,1,,2019-03-19 07:45:20
21,64,1,,2019-06-23 20:01:32
27,84,2,,2019-03-22 06:58:56
40,80,2,,2019-04-26 22:15:16
10,89,1,,2019-04-06 04:31:32
32,73,5,,2019-02-13 22:07:15
35,80,3,,2019-04-04 15:46:50
49,83,1,,2019-05-17 00:34:39
44,76,5,,2019-05-23 11:13:00
40,86,5,,2019-01-19 19:36:13
46,76,4,,2019-03-18 19:02:23
9,68,5,,2019-04-27 01:13:18
44,68,5,,2018-11-02 09:35:15
17,94,1,,2019-03-15 05:39:34
46,66,4,,2018-11-02 17:07:55
49,95,3,,2019-03-10 05:15:55
41,88,4,,2019-02-11 20:36:45
28,91,4,,2019-05-21 11:10:41
7,90,1,,2019-03-19 17:59:03
8,93,4,,2018-12-13 04:30:32
26,80,2,,2019-03-07 08:53:39
29,81,2,,2019-04-01 08:03:57
8,63,5,,2019-03-20 23:56:23
18,74,1,,2019-06-15 01:29:47
46,72,2,,2018-12-27 21:51:06
5,86,5,,2019-03-01 22:41:11
25,62,4,,2019-06-01 07:45:18
23,70,5,,2019-03-06 03:27:18
47,62,2,,2019-07-15 04:50:20
31,93,3,,2019-06-08 23:42:44
14,62,1,,2018-12-26 17:23:35
19,84,1,,2019-01-07 22:29:50
33,87,5,,2019-01-10 01:17:03
14,87,4,,2019-06-30 10:50:06
33,92,5,,2018-12-03 04:07:48
4,80,2,,2019-07-13 07:59:08
38,96,2,,2019-03-25 16:31:19
48,87,5,,2018-12-10 20:43:09
45,89,1,,2019-03-13 15:34:34
12,83,2,,2019-01-11 19:44:36
27,70,5,,2019-02-24 14:24:19
18,90,2,,2019-02-05 18:32:12
40,78,2,,2019-07-11 20:01:40
22,91,5,,2019-02-27 04:32:01
17,87,5,,2019-03-18 21:16:35
39,63,5,,2019-03-12 11:24:34
12,66,4,,2018-12-06 16:34:27
40,74,5,,2019-06-28 09:44:43
47,85,1,,2019-07-23 03:03:57
41,69,4,,2019-04-12 23:54:49
9,71,4,,2019-07-05 11:44:11
21,92,5,,2019-04-01 10:25:33
10,81,1,,2019-03-06 16:37:04
16,95,4,,2019-02-18 17:52:56
19,77,3,,2018-12-04 20:00:10
25,75,5,,2018-12-04 19:39:04
48,84,5,,2019-07-01 13:00:20
20,65,5,,2019-01-07 11:13:57
46,65,2,,2019-05-09 09:46:03
36,84,1,,2018-12-26 19:42:47
34,64,4,,2019-01-05 10:50:05
10,86,1,,2019-05-14 01:29:30
38,67,1,,2019-03-31 13:24:46
25,93,3,,2018-11-12 22:15:31
6,86,3,,2019-01-25 02:58:41
32,91,2,,2018-12-12 00:10:07
21,90,3,,2019-07-09 06:02:07
5,63,3,,2018-11-02 19:02:37
1,91,1,,2019-02-08 18:04:09
4,72,2,,2019-07-13 01:13:29
27,95,4,,2018-12-01 12:45:01
7,91,1,,2019-07-03 08:40:18
8,82,4,,2018-11-08 14:05:30
33,76,3,,2019-07-05 02:32:09
49,74,1,,2019-01-28 00:42:22
46,69,5,,2019-02-22 20:56:26
34,66,5,,2019-07-03 03:23:34
22,74,5,,2019-06-09 20:27:45
11,95,1,,2019-06-01 14:21:43
41,87,2,,2019-07-10 11:51:52
19,80,2,,2019-05-08 07:22:56
37,73,5,,2019-06-24 16:17:03
14,77,4,,2019-02-05 12:28:13
48,70,2,,2018-11-11 14:52:34
50,91,5,,2019-01-05 22:01:55
18,70,5,,2019-06-23 23:08:38
14,96,4,,2019-02-26 16:59:42
5,81,5,,2019-04-25 22:09:45
11,72,4,,2019-03-04 13:06:00
3,94,1,,2019-02-08 21:28:09
46,95,2,,2019-03-09 01:39:39
5,71,3,,2018-11-10 11:16:16
42,67,5,,2019-07-22 02:41:08
7,91,2,,2019-04-29 04:24:16
19,88,3,,2018-11-12 12:42:05
47,72,4,,2019-01-17 10:25:38
8,67,3,,2019-02-02 23:09:03
31,90,3,,2019-04-18 11:00:48
4,62,1,,2019-05-13 20:40:41
36,74,2,,2019-05-02 22:59:44
32,87,4,,2018-12-08 18:16:47
2,96,3,,2018-12-20 22:20:33
42,89,1,,2018-12-29 10:25:44
11,95,1,,2019-06-05 15:25:49
27,67,1,,2019-01-08 02:41:47
32,80,4,,2019-04-16 00:16:55
8,67,5,,2019-05-26 17:40:07
32,80,5,,2019-06-05 17:28:36
39,85,5,,2019-04-23 06:32:06
16,77,2,,2018-12-11 09:15:46
25,70,4,,2019-05-08 13:16:26
12,90,5,,2019-07-27 05:33:10
9,72,1,,2019-02-24 16:00:58
26,96,3,,2019-04-29 16:38:41
8,91,3,,2019-01-05 22:57:38
31,91,3,,2019-03-09 01:25:15
28,92,2,,2019-05-20 05:55:09
21,78,5,,2019-02-20 20:08:59
44,66,3,,2019-05-28 00:20:08
17,78,3,,2019-07-19 20:28:41
4,95,1,,2019-05-17 16:45:29
21,72,3,,2019-06-15 07:20:13
42,62,4,,2019-06-20 15:23:34
14,89,4,,2019-05-03 14:50:02
39,64,5,,2019-03-25 05:02:52
32,84,3,,2018-12-19 22:11:46
1,81,2,,2019-05-30 13:48:38
12,63,3,,2018-12-03 01:44:48
4,84,5,,2019-03-12 14:35:12
49,78,1,,2018-12-04 11:17:17
12,65,5,,2018-12-19 03:13:12
8,80,4,,2019-05-06 22:49:02
7,85,5,,2019-06-06 23:15:42
6,71,1,,2018-12-21 00:48:17
46,76,3,,2019-01-24 06:41:20
13,90,4,,2019-03-17 16:33:11
28,83,3,,2019-04-19 07:42:32
21,93,1,,2019-05-07 04:49:52
5,92,5,,2019-06-25 10:20:18
50,75,4,,2019-01-07 05:45:55
26,62,4,,2019-02-10 07:38:40
22,94,3,,2018-11-02 02:44:23
26,91,1,,2019-06-17 20:14:11
11,77,3,,2019-03-24 05:17:32
5,70,5,,2018-11-24 00:18:25
43,86,5,,2019-03-03 13:12:21
16,79,4,,2019-01-13 05:37:22