station_id,day,high_temp,low_temp,precip,snow
1,2019-05-01,56,35,0.04,0.00
1,2019-05-02,50,36,0.10,0.00
1,2019-05-03,50,39,0.26,0.00
1,2019-05-04,60,41,0.00,0.00
1,2019-05-05,63,44,0.00,0.00
1,2019-05-06,62,42,0.00,0.00
1,2019-05-07,62,44,0.18,0.00
1,2019-05-08,58,39,0.00,0.00
1,2019-05-09,60,35,0.00,0.00
1,2019-05-10,48,39,0.73,0.00
1,2019-05-11,61,40,0.00,0.00
1,2019-05-12,62,36,0.00,0.00
1,2019-05-13,48,41,0.00,0.00
1,2019-05-14,41,37,0.17,0.00
1,2019-05-15,44,36,0.02,0.00
1,2019-05-16,56,35,0.00,0.00
1,2019-05-17,54,43,0.23,0.00
1,2019-05-18,59,44,0.00,0.00
1,2019-05-19,54,44,0.19,0.00
1,2019-05-20,67,48,0.24,0.00
1,2019-05-21,60,45,0.05,0.00
1,2019-05-22,62,42,0.00,0.00
1,2019-05-23,65,45,0.18,0.00
1,2019-05-24,51,45,0.25,0.00
1,2019-05-25,70,45,0.02,0.00
1,2019-05-26,67,45,0.34,0.00
1,2019-05-27,67,44,0.00,0.00
1,2019-05-28,57,40,0.21,0.00
1,2019-05-29,54,40,0.09,0.00
1,2019-05-30,58,46,0.00,0.00
1,2019-05-31,68,46,0.00,0.00
1,2019-06-01,64,47,0.00,0.00
1,2019-06-02,62,48,0.01,0.00
1,2019-06-03,69,46,0.01,0.00
1,2019-06-04,64,40,0.00,0.00
1,2019-06-05,68,49,0.02,0.00
1,2019-06-06,70,50,0.61,0.00
1,2019-06-07,75,51,0.00,0.00
1,2019-06-08,73,53,0.00,0.00
1,2019-06-09,74,53,0.00,0.00
1,2019-06-10,72,55,0.00,0.00
1,2019-06-11,61,51,2.04,0.00
1,2019-06-12,75,46,0.00,0.00
1,2019-06-13,62,50,1.39,0.00
1,2019-06-14,64,52,0.00,0.00
1,2019-06-15,75,50,0.00,0.00
1,2019-06-16,73,58,0.00,0.00
1,2019-06-17,78,58,0.00,0.00
1,2019-06-18,74,57,0.00,0.00
1,2019-06-19,73,53,0.00,0.00
1,2019-06-20,60,53,2.76,0.00
1,2019-06-21,63,52,0.68,0.00
1,2019-06-22,76,54,0.12,0.00
1,2019-06-23,80,54,0.46,0.00
1,2019-06-24,75,54,0.00,0.00
1,2019-06-25,74,54,0.02,0.00
1,2019-06-26,57,54,1.28,0.00
1,2019-06-27,66,54,0.00,0.00
1,2019-06-28,83,55,0.00,0.00
1,2019-06-29,74,59,0.01,0.00
1,2019-06-30,63,55,0.62,0.00
1,2019-07-01,76,58,0.00,0.00
1,2019-07-02,81,58,0.30,0.00
1,2019-07-03,75,55,0.00,0.00
1,2019-07-04,88,53,0.00,0.00
1,2019-07-05,91,60,0.00,0.00
1,2019-07-06,85,62,0.87,0.00
1,2019-07-07,78,55,0.00,0.00
1,2019-07-08,80,50,0.00,0.00
1,2019-07-09,83,54,0.00,0.00
1,2019-07-10,79,54,0.00,0.00
1,2019-07-11,70,53,0.01,0.00
1,2019-07-12,65,60,0.46,0.00
1,2019-07-13,81,60,0.00,0.00
1,2019-07-14,82,61,0.32,0.00
1,2019-07-15,82,57,0.00,0.00
1,2019-07-16,83,58,0.00,0.00
1,2019-07-17,78,64,0.32,0.00
1,2019-07-18,78,54,0.00,0.00
1,2019-07-19,77,51,0.00,0.00
1,2019-07-20,92,62,0.00,0.00
1,2019-07-21,90,66,0.00,0.00
1,2019-07-22,80,61,0.09,0.00
1,2019-07-23,72,59,0.07,0.00
1,2019-07-24,77,58,0.00,0.00
1,2019-07-25,74,57,0.00,0.00
1,2019-07-26,74,60,0.00,0.00
1,2019-07-27,71,59,0.00,0.00
1,2019-07-28,72,61,0.00,0.00
1,2019-07-29,75,62,0.00,0.00
1,2019-07-30,74,62,0.00,0.00
1,2019-07-31,81,63,0.00,0.00
2,2019-05-01,56,30,0.04,0.00
2,2019-05-02,52,37,0.10,0.00
2,2019-05-03,48,41,0.26,0.00
2,2019-05-04,59,42,0.00,0.00
2,2019-05-05,63,43,0.00,0.00
2,2019-05-06,62,42,0.00,0.00
2,2019-05-07,57,41,0.18,0.00
2,2019-05-08,57,40,0.00,0.00
2,2019-05-09,60,35,0.00,0.00
2,2019-05-10,47,41,0.73,0.00
2,2019-05-11,59,43,0.00,0.00
2,2019-05-12,62,34,0.00,0.00
2,2019-05-13,49,43,0.00,0.00
2,2019-05-14,44,37,0.17,0.00
2,2019-05-15,46,37,0.02,0.00
2,2019-05-16,55,34,0.00,0.00
2,2019-05-17,50,38,0.23,0.00
2,2019-05-18,61,44,0.00,0.00
2,2019-05-19,51,41,0.19,0.00
2,2019-05-20,61,46,0.24,0.00
2,2019-05-21,61,47,0.05,0.00
2,2019-05-22,62,41,0.00,0.00
2,2019-05-23,61,39,0.18,0.00
2,2019-05-24,57,42,0.25,0.00
2,2019-05-25,70,39,0.02,0.00
2,2019-05-26,62,46,0.34,0.00
2,2019-05-27,71,46,0.00,0.00
2,2019-05-28,56,37,0.21,0.00
2,2019-05-29,55,42,0.09,0.00
2,2019-05-30,57,47,0.00,0.00
2,2019-05-31,67,46,0.00,0.00
2,2019-06-01,63,43,0.00,0.00
2,2019-06-02,63,48,0.01,0.00
2,2019-06-03,65,48,0.01,0.00
2,2019-06-04,64,42,0.00,0.00
2,2019-06-05,64,51,0.02,0.00
2,2019-06-06,72,51,0.61,0.00
2,2019-06-07,71,49,0.00,0.00
2,2019-06-08,72,47,0.00,0.00
2,2019-06-09,71,43,0.00,0.00
2,2019-06-10,72,49,0.00,0.00
2,2019-06-11,62,49,2.04,0.00
2,2019-06-12,73,45,0.00,0.00
2,2019-06-13,59,48,1.39,0.00
2,2019-06-14,60,48,0.00,0.00
2,2019-06-15,70,46,0.00,0.00
2,2019-06-16,71,57,0.00,0.00
2,2019-06-17,75,53,0.00,0.00
2,2019-06-18,74,48,0.00,0.00
2,2019-06-19,68,54,0.00,0.00
2,2019-06-20,58,55,2.76,0.00
2,2019-06-21,65,53,0.68,0.00
2,2019-06-22,74,54,0.12,0.00
2,2019-06-23,81,54,0.46,0.00
2,2019-06-24,74,46,0.00,0.00
2,2019-06-25,72,45,0.02,0.00
2,2019-06-26,57,54,1.28,0.00
2,2019-06-27,65,55,0.00,0.00
2,2019-06-28,79,55,0.00,0.00
2,2019-06-29,74,58,0.01,0.00
2,2019-06-30,65,56,0.62,0.00
2,2019-07-01,77,58,0.00,0.00
2,2019-07-02,75,58,0.30,0.00
2,2019-07-03,73,55,0.00,0.00
2,2019-07-04,88,53,0.00,0.00
2,2019-07-05,86,60,0.00,0.00
2,2019-07-06,79,62,0.87,0.00
2,2019-07-07,77,55,0.00,0.00
2,2019-07-08,78,50,0.00,0.00
2,2019-07-09,82,54,0.00,0.00
2,2019-07-10,78,54,0.00,0.00
2,2019-07-11,71,53,0.01,0.00
2,2019-07-12,66,60,0.46,0.00
2,2019-07-13,79,60,0.00,0.00
2,2019-07-14,82,61,0.32,0.00
2,2019-07-15,80,57,0.00,0.00
2,2019-07-16,80,58,0.00,0.00
2,2019-07-17,76,64,0.32,0.00
2,2019-07-18,76,54,0.00,0.00
2,2019-07-19,74,51,0.00,0.00
2,2019-07-20,91,62,0.00,0.00
2,2019-07-21,91,66,0.00,0.00
2,2019-07-22,80,61,0.09,0.00
2,2019-07-23,72,59,0.07,0.00
2,2019-07-24,77,58,0.02,0.00
2,2019-07-25,74,57,0.00,0.00
2,2019-07-26,72,57,0.00,0.00
2,2019-07-27,70,58,0.00,0.00
2,2019-07-28,69,60,0.00,0.00
2,2019-07-29,72,61,0.00,0.00
2,2019-07-30,76,62,0.00,0.00
2,2019-07-31,74,61,0.00,0.00
3,2019-05-01,37,13,0.00,0.00
3,2019-05-02,39,20,0.03,0.00
3,2019-05-03,40,17,0.00,0.00
3,2019-05-04,51,18,0.02,0.00
3,2019-05-05,55,25,0.02,0.00
3,2019-05-06,58,29,0.02,0.00
3,2019-05-07,60,30,0.39,0.00
3,2019-05-08,47,25,0.00,0.00
3,2019-05-09,46,25,0.00,0.00
3,2019-05-10,45,18,0.00,0.00
3,2019-05-11,55,24,0.00,0.00
3,2019-05-12,61,25,0.00,0.00
3,2019-05-13,65,26,0.00,0.00
3,2019-05-14,68,28,0.00,0.00
3,2019-05-15,64,35,0.09,0.00
3,2019-05-16,63,30,0.00,0.00
3,2019-05-17,34,32,0.02,0.00
3,2019-05-18,41,32,0.09,0.00
3,2019-05-19,46,31,0.00,0.00
3,2019-05-20,49,30,0.03,0.00
3,2019-05-21,50,28,0.01,0.00
3,2019-05-22,46,30,0.08,0.00
3,2019-05-23,45,28,0.00,0.00
3,2019-05-24,47,31,0.02,0.00
3,2019-05-25,42,34,0.13,0.00
3,2019-05-26,55,38,0.07,0.00
3,2019-05-27,51,41,0.19,0.00
3,2019-05-28,50,30,0.03,0.00
3,2019-05-29,56,26,0.00,0.00
3,2019-05-30,64,28,0.00,0.00
3,2019-05-31,64,28,0.00,0.00
3,2019-06-01,66,29,0.00,0.00
3,2019-06-02,66,31,0.00,0.00
3,2019-06-03,70,32,0.08,0.00
3,2019-06-04,65,33,0.00,0.00
3,2019-06-05,71,32,0.00,0.00
3,2019-06-06,71,29,0.00,0.00
3,2019-06-07,66,44,0.28,0.00
3,2019-06-08,66,31,0.73,0.00
3,2019-06-09,66,27,0.30,0.00
3,2019-06-10,51,27,0.00,0.00
3,2019-06-11,62,27,0.00,0.00
3,2019-06-12,67,27,0.00,0.00
3,2019-06-13,74,44,0.30,0.00
3,2019-06-14,67,39,0.09,0.00
3,2019-06-15,68,39,0.09,0.00
3,2019-06-16,70,33,0.00,0.00
3,2019-06-17,71,40,0.00,0.00
3,2019-06-18,69,34,0.00,0.00
3,2019-06-19,64,36,0.05,0.00
3,2019-06-20,64,27,0.00,0.00
3,2019-06-21,53,31,0.02,0.00
3,2019-06-22,49,22,0.01,0.00
3,2019-06-23,52,29,0.01,0.00
3,2019-06-24,56,29,0.01,0.00
3,2019-06-25,63,29,0.00,0.00
3,2019-06-26,69,37,0.10,0.00
3,2019-06-27,73,35,0.01,0.00
3,2019-06-28,75,43,0.00,0.00
3,2019-06-29,78,43,0.00,0.00
3,2019-06-30,73,34,0.00,0.00
3,2019-07-01,76,41,0.00,0.00
3,2019-07-02,76,37,0.00,0.00
3,2019-07-03,75,46,0.05,0.00
3,2019-07-04,75,37,0.15,0.00
3,2019-07-05,68,42,0.25,0.00
3,2019-07-06,69,35,0.00,0.00
3,2019-07-07,76,38,0.03,0.00
3,2019-07-08,75,42,0.05,0.00
3,2019-07-09,68,38,0.62,0.00
3,2019-07-10,66,32,0.02,0.00
3,2019-07-11,78,39,0.00,0.00
3,2019-07-12,83,39,0.00,0.00
3,2019-07-13,84,40,0.30,0.00
3,2019-07-14,80,44,0.03,0.00
3,2019-07-15,80,39,0.00,0.00
3,2019-07-16,78,40,0.01,0.00
3,2019-07-17,74,37,0.06,0.00
3,2019-07-18,71,41,0.00,0.00
3,2019-07-19,75,42,0.00,0.00
3,2019-07-20,74,31,0.00,0.00
3,2019-07-21,77,31,0.00,0.00
3,2019-07-22,88,46,0.00,0.00
3,2019-07-23,84,47,0.02,0.00
3,2019-07-24,79,47,0.02,0.00
3,2019-07-25,81,49,0.00,0.00
3,2019-07-26,82,50,0.03,0.00
3,2019-07-27,76,46,0.00,0.00
3,2019-07-28,79,46,0.00,0.00
3,2019-07-29,81,49,0.00,0.00
3,2019-07-30,81,48,0.00,0.00
3,2019-07-31,75,55,0.00,0.00
4,2019-05-01,47,14,0.00,0.00
4,2019-05-02,46,19,0.00,0.00
4,2019-05-03,60,18,0.00,0.00
4,2019-05-04,62,23,0.00,0.00
4,2019-05-05,64,27,0.00,0.00
4,2019-05-06,69,31,0.00,0.00
4,2019-05-07,52,32,0.25,0.00
4,2019-05-08,54,30,0.00,0.00
4,2019-05-09,55,26,0.00,0.20
4,2019-05-10,63,21,0.00,0.00
4,2019-05-11,67,25,0.00,0.00
4,2019-05-12,72,26,0.00,0.00
4,2019-05-13,77,29,0.00,0.00
4,2019-05-14,75,30,0.00,0.00
4,2019-05-15,76,35,0.02,0.00
4,2019-05-16,73,34,0.30,0.00
4,2019-05-17,45,33,0.34,0.00
4,2019-05-18,50,33,0.02,0.00
4,2019-05-19,57,31,0.00,0.00
4,2019-05-20,50,32,0.17,0.00
4,2019-05-21,54,30,0.03,0.00
4,2019-05-22,52,34,0.00,0.00
4,2019-05-23,53,36,0.11,0.00
4,2019-05-24,47,32,0.12,0.00
4,2019-05-25,57,35,0.18,0.00
4,2019-05-26,67,37,0.12,0.00
4,2019-05-27,56,39,0.04,0.00
4,2019-05-28,65,37,0.00,0.00
4,2019-05-29,68,32,0.00,0.00
4,2019-05-30,73,33,0.01,0.00
4,2019-05-31,75,32,0.00,0.00
4,2019-06-01,73,32,0.29,0.00
4,2019-06-02,81,37,0.02,0.00
4,2019-06-03,74,35,0.04,0.00
4,2019-06-04,74,40,0.00,0.00
4,2019-06-05,74,40,0.08,0.00
4,2019-06-06,76,36,0.79,0.10
4,2019-06-07,52,33,0.17,0.20
4,2019-06-08,44,29,0.03,0.00
4,2019-06-09,55,24,0.00,0.00
4,2019-06-10,64,30,0.00,0.00
4,2019-06-11,68,35,0.17,0.00
4,2019-06-12,76,41,0.00,0.00
4,2019-06-13,69,46,0.00,0.00
4,2019-06-14,69,43,0.00,0.00
4,2019-06-15,74,42,0.08,0.00
4,2019-06-16,74,39,0.12,0.00
4,2019-06-17,70,44,0.13,0.00
4,2019-06-18,69,38,0.00,0.00
4,2019-06-19,67,38,0.00,0.00
4,2019-06-20,55,29,0.02,0.00
4,2019-06-21,52,29,0.00,0.00
4,2019-06-22,57,25,0.00,0.00
4,2019-06-23,61,31,0.00,0.00
4,2019-06-24,65,36,0.03,0.00
4,2019-06-25,72,32,0.00,0.00
4,2019-06-26,76,44,0.00,0.00
4,2019-06-27,76,43,0.00,0.00
4,2019-06-28,78,39,0.00,0.00
4,2019-06-29,74,38,0.00,0.00
4,2019-06-30,80,43,0.00,0.00
4,2019-07-01,79,45,0.00,0.00
4,2019-07-02,81,44,0.00,0.00
4,2019-07-03,74,49,0.09,0.00
4,2019-07-04,70,39,0.15,0.00
4,2019-07-05,73,42,0.08,0.00
4,2019-07-06,81,42,0.01,0.00
4,2019-07-07,78,48,0.00,0.00
4,2019-07-08,70,41,0.36,0.00
4,2019-07-09,69,39,0.02,0.00
4,2019-07-10,84,40,0.00,0.00
4,2019-07-11,86,45,0.00,0.00
4,2019-07-12,87,47,0.00,0.00
4,2019-07-13,86,49,0.05,0.00
4,2019-07-14,85,48,0.03,0.00
4,2019-07-15,82,45,0.00,0.00
4,2019-07-16,79,45,0.02,0.00
4,2019-07-17,75,41,0.00,0.00
4,2019-07-18,77,42,0.00,0.00
4,2019-07-19,77,42,0.00,0.00
4,2019-07-20,78,34,0.00,0.00
4,2019-07-21,84,43,0.00,0.00
4,2019-07-22,90,51,0.00,0.00
4,2019-07-23,90,56,0.00,0.00
4,2019-07-24,84,49,0.03,0.00
4,2019-07-25,85,52,0.00,0.00
4,2019-07-26,84,54,0.00,0.00
4,2019-07-27,82,50,0.00,0.00
4,2019-07-28,84,50,0.00,0.00
4,2019-07-29,88,51,0.00,0.00
4,2019-07-30,86,51,0.00,0.00
4,2019-07-31,85,50,0.00,0.00
5,2019-05-01,32,20,0.12,1.00
5,2019-05-02,38,20,0.00,0.00
5,2019-05-03,40,13,0.19,2.00
5,2019-05-04,50,15,0.00,0.00
5,2019-05-05,56,25,0.00,0.00
5,2019-05-06,58,34,0.06,0.00
5,2019-05-07,57,32,0.00,0.00
5,2019-05-08,44,29,0.40,0.00
5,2019-05-09,43,28,0.00,0.00
5,2019-05-10,44,20,0.00,0.00
5,2019-05-11,53,21,0.00,0.00
5,2019-05-12,61,30,0.00,0.00
5,2019-05-13,66,29,0.00,0.00
5,2019-05-14,68,29,0.00,0.00
5,2019-05-15,68,32,0.01,0.00
5,2019-05-16,65,35,0.00,0.00
5,2019-05-17,66,31,0.19,0.00
5,2019-05-18,44,32,0.40,0.00
5,2019-05-19,49,28,0.33,2.50
5,2019-05-20,37,22,0.00,0.00
5,2019-05-21,44,30,0.00,0.00
5,2019-05-22,43,30,0.00,0.00
5,2019-05-23,39,30,0.07,0.00
5,2019-05-24,44,32,0.20,0.00
5,2019-05-25,50,32,0.11,0.00
5,2019-05-26,57,33,0.04,0.00
5,2019-05-27,59,32,0.00,0.00
5,2019-05-28,47,36,0.35,0.00
5,2019-05-29,51,26,0.00,0.00
5,2019-05-30,62,26,0.00,0.00
5,2019-05-31,65,28,0.00,0.00
5,2019-06-01,63,31,0.08,0.00
5,2019-06-02,68,33,0.00,0.00
5,2019-06-03,72,34,0.00,0.00
5,2019-06-04,66,34,0.00,0.00
5,2019-06-05,72,35,0.00,0.00
5,2019-06-06,71,33,0.00,0.00
5,2019-06-07,69,32,0.20,0.00
5,2019-06-08,62,33,0.53,0.00
5,2019-06-09,41,28,0.20,0.00
5,2019-06-10,51,27,0.00,0.00
5,2019-06-11,62,28,0.00,0.00
5,2019-06-12,67,34,0.00,0.00
5,2019-06-13,72,36,0.06,0.00
5,2019-06-14,67,37,0.12,0.00
5,2019-06-15,66,38,0.00,0.00
5,2019-06-16,73,33,0.08,0.00
5,2019-06-17,68,33,0.00,0.00
5,2019-06-18,68,38,0.08,0.00
5,2019-06-19,67,34,0.05,0.00
5,2019-06-20,65,30,0.00,0.00
5,2019-06-21,53,30,0.16,1.00
5,2019-06-22,46,24,0.07,0.00
5,2019-06-23,52,24,0.06,0.00
5,2019-06-24,56,31,0.00,0.00
5,2019-06-25,62,34,0.01,0.00
5,2019-06-26,68,33,0.15,0.00
5,2019-06-27,72,34,0.00,0.00
5,2019-06-28,76,34,0.00,0.00
5,2019-06-29,80,35,0.00,0.00
5,2019-06-30,74,36,0.00,0.00
5,2019-07-01,77,37,0.09,0.00
5,2019-07-02,76,36,0.02,0.00
5,2019-07-03,77,36,0.04,0.00
5,2019-07-04,69,38,0.03,0.00
5,2019-07-05,69,38,0.08,0.00
5,2019-07-06,66,44,0.00,0.00
5,2019-07-07,76,38,0.00,0.00
5,2019-07-08,78,38,0.00,0.00
5,2019-07-09,70,37,0.30,0.00
5,2019-07-10,65,34,0.09,0.00
5,2019-07-11,70,34,0.00,0.00
5,2019-07-12,83,40,0.00,0.00
5,2019-07-13,83,41,0.00,0.00
5,2019-07-14,83,43,0.05,0.00
5,2019-07-15,81,41,0.04,0.00
5,2019-07-16,78,41,0.00,0.00
5,2019-07-17,75,39,0.23,0.00
5,2019-07-18,72,38,0.00,0.00
5,2019-07-19,75,42,0.00,0.00
5,2019-07-20,75,35,0.00,0.00
5,2019-07-21,78,35,0.00,0.00
5,2019-07-22,77,41,0.23,0.00
5,2019-07-23,76,42,0.18,0.00
5,2019-07-24,79,46,0.02,0.00
5,2019-07-25,80,45,0.00,0.00
5,2019-07-26,82,52,0.02,0.00
5,2019-07-27,76,46,0.28,0.00
5,2019-07-28,77,47,0.02,0.00
5,2019-07-29,79,49,0.00,0.00
5,2019-07-30,79,50,0.01,0.00
5,2019-07-31,82,51,0.00,0.00
6,2019-05-01,41,9,0.10,0.00
6,2019-05-02,41,19,0.00,0.00
6,2019-05-03,49,16,0.10,0.00
6,2019-05-04,53,31,0.00,0.00
6,2019-05-05,56,33,0.00,0.00
6,2019-05-06,58,32,0.00,0.00
6,2019-05-07,47,31,0.70,0.00
6,2019-05-08,45,27,0.00,0.00
6,2019-05-09,44,21,0.00,0.00
6,2019-05-10,53,18,0.10,0.00
6,2019-05-11,59,27,0.00,0.00
6,2019-05-12,62,18,0.00,0.00
6,2019-05-13,64,27,0.00,0.00
6,2019-05-14,62,35,0.00,0.00
6,2019-05-15,60,38,0.10,0.00
6,2019-05-16,57,39,0.50,0.00
6,2019-05-17,38,37,0.50,0.00
6,2019-05-18,47,36,0.20,0.00
6,2019-05-19,50,31,0.10,0.00
6,2019-05-20,43,31,0.30,0.00
6,2019-05-21,44,30,0.10,0.00
6,2019-05-22,41,28,0.00,0.00
6,2019-05-23,45,31,0.10,0.00
6,2019-05-24,44,32,0.90,0.00
6,2019-05-25,51,35,0.20,0.00
6,2019-05-26,60,34,0.00,0.00
6,2019-05-27,50,35,0.30,0.00
6,2019-05-28,56,33,0.00,0.00
6,2019-05-29,58,29,0.00,0.00
6,2019-05-30,60,34,0.00,0.00
6,2019-05-31,64,34,0.30,0.00
6,2019-06-01,63,32,0.10,0.00
6,2019-06-02,63,36,0.00,0.00
6,2019-06-03,62,38,0.60,0.00
6,2019-06-04,65,38,0.00,0.00
6,2019-06-05,65,40,0.00,0.00
6,2019-06-06,63,41,0.20,0.00
6,2019-06-07,43,30,0.90,0.00
6,2019-06-08,44,27,0.50,0.00
6,2019-06-09,49,24,0.00,0.00
6,2019-06-10,58,33,0.10,0.00
6,2019-06-11,62,37,0.00,0.00
6,2019-06-12,66,38,0.10,0.00
6,2019-06-13,61,38,0.30,0.00
6,2019-06-14,63,40,0.00,0.00
6,2019-06-15,65,38,0.00,0.00
6,2019-06-16,65,36,0.00,0.00
6,2019-06-17,64,38,0.00,0.00
6,2019-06-18,62,37,0.00,0.00
6,2019-06-19,56,33,0.00,0.00
6,2019-06-20,48,29,0.30,0.00
6,2019-06-21,46,27,0.00,0.00
6,2019-06-22,49,25,0.20,0.00
6,2019-06-23,53,33,0.10,0.00
6,2019-06-24,54,37,0.00,0.00
6,2019-06-25,60,38,0.10,0.00
6,2019-06-26,65,37,0.00,0.00
6,2019-06-27,65,40,0.10,0.00
6,2019-06-28,67,40,0.00,0.00
6,2019-06-29,64,36,0.00,0.00
6,2019-06-30,69,43,0.00,0.00
6,2019-07-01,68,41,0.00,0.00
6,2019-07-02,68,42,0.10,0.00
6,2019-07-03,63,41,0.10,0.00
6,2019-07-04,61,33,0.00,0.00
6,2019-07-05,64,38,0.00,0.00
6,2019-07-06,70,42,0.00,0.00
6,2019-07-07,70,45,0.00,0.00
6,2019-07-08,59,40,0.20,0.00
6,2019-07-09,61,38,0.00,0.00
6,2019-07-10,72,42,0.00,0.00
6,2019-07-11,76,47,0.00,0.00
6,2019-07-12,77,48,0.10,0.00
6,2019-07-13,75,43,0.00,0.00
6,2019-07-14,75,46,0.00,0.00
6,2019-07-15,73,43,0.00,0.00
6,2019-07-16,69,42,0.30,0.00
6,2019-07-17,64,41,0.00,0.00
6,2019-07-18,66,44,0.00,0.00
6,2019-07-19,67,39,0.00,0.00
6,2019-07-20,69,34,0.00,0.00
6,2019-07-21,72,45,0.00,0.00
6,2019-07-22,75,60,0.00,0.00
6,2019-07-23,83,62,0.00,0.00
6,2019-07-24,71,52,0.00,0.00
6,2019-07-25,80,58,0.00,0.00
6,2019-07-26,87,60,0.00,0.00
6,2019-07-27,79,57,0.00,0.00
6,2019-07-28,80,57,0.00,0.00
6,2019-07-29,84,58,0.00,0.00
6,2019-07-30,88,61,0.00,0.00
6,2019-07-31,81,60,0.00,0.00
7,2019-05-01,38,3,0.07,0.00
7,2019-05-02,40,23,0.00,0.00
7,2019-05-03,50,10,0.00,0.00
7,2019-05-04,56,26,0.00,0.00
7,2019-05-05,57,30,0.00,0.00
7,2019-05-06,60,32,0.00,0.00
7,2019-05-07,47,34,0.15,0.00
7,2019-05-08,46,24,0.00,0.00
7,2019-05-09,44,22,0.00,0.00
7,2019-05-10,55,14,0.00,0.00
7,2019-05-11,63,23,0.00,0.00
7,2019-05-12,66,28,0.00,0.00
7,2019-05-13,68,29,0.00,0.00
7,2019-05-14,66,34,0.00,0.00
7,2019-05-15,57,38,0.50,0.00
7,2019-05-16,63,37,0.00,0.00
7,2019-05-17,42,33,0.16,0.00
7,2019-05-18,63,33,0.00,0.00
7,2019-05-19,42,30,0.14,0.00
7,2019-05-20,47,30,0.00,0.00
7,2019-05-21,46,33,0.00,0.00
7,2019-05-22,50,30,0.00,0.00
7,2019-05-23,50,30,0.00,0.00
7,2019-05-24,46,33,0.15,0.00
7,2019-05-25,51,35,0.00,0.00
7,2019-05-26,60,33,0.42,0.00
7,2019-05-27,52,31,0.01,0.00
7,2019-05-28,58,33,0.00,0.00
7,2019-05-29,62,25,0.00,0.00
7,2019-05-30,63,25,0.00,0.00
7,2019-05-31,65,29,0.00,0.00
7,2019-06-01,66,31,0.30,0.00
7,2019-06-02,67,31,0.02,0.00
7,2019-06-03,69,32,0.00,0.00
7,2019-06-04,65,38,0.18,0.00
7,2019-06-05,68,39,0.00,0.00
7,2019-06-06,70,36,0.00,0.00
7,2019-06-07,70,36,0.46,0.00
7,2019-06-08,52,31,0.71,1.00
7,2019-06-09,44,23,0.05,1.00
7,2019-06-10,44,30,0.00,0.00
7,2019-06-11,61,37,0.00,0.00
7,2019-06-12,67,36,0.00,0.00
7,2019-06-13,70,44,0.06,0.00
7,2019-06-14,67,41,0.14,0.00
7,2019-06-15,70,38,0.00,0.00
7,2019-06-16,69,37,0.02,0.00
7,2019-06-17,69,34,0.02,0.00
7,2019-06-18,69,35,0.00,0.00
7,2019-06-19,62,38,0.00,0.00
7,2019-06-20,66,29,0.05,0.00
7,2019-06-21,60,28,0.05,1.00
7,2019-06-22,49,22,1.70,1.00
7,2019-06-23,57,22,0.00,0.00
7,2019-06-24,58,36,0.02,0.00
7,2019-06-25,62,37,0.00,0.00
7,2019-06-26,73,39,0.00,0.00
7,2019-06-27,73,36,0.00,0.00
7,2019-06-28,74,37,0.00,0.00
7,2019-06-29,75,35,0.00,0.00
7,2019-06-30,76,36,0.00,0.00
7,2019-07-01,78,36,0.05,0.00
7,2019-07-02,75,40,0.02,0.00
7,2019-07-03,76,46,0.00,0.00
7,2019-07-04,68,37,0.11,0.00
7,2019-07-05,67,41,0.00,0.00
7,2019-07-06,75,33,0.00,0.00
7,2019-07-07,74,39,0.00,0.00
7,2019-07-08,75,44,0.02,0.00
7,2019-07-09,68,36,0.13,0.00
7,2019-07-10,73,34,0.00,0.00
7,2019-07-11,79,47,0.00,0.00
7,2019-07-12,82,47,0.00,0.00
7,2019-07-13,83,41,0.00,0.00
7,2019-07-14,82,44,0.00,0.00
7,2019-07-15,80,40,0.08,0.00
7,2019-07-16,73,46,0.20,0.00
7,2019-07-17,70,39,0.00,0.00
7,2019-07-18,70,46,0.09,0.00
7,2019-07-19,72,46,0.00,0.00
7,2019-07-20,75,32,0.00,0.00
7,2019-07-21,81,36,0.00,0.00
7,2019-07-22,88,37,0.00,0.00
7,2019-07-23,88,41,0.00,0.00
7,2019-07-24,75,37,0.04,0.00
7,2019-07-25,74,37,0.00,0.00
7,2019-07-26,75,46,0.02,0.00
7,2019-07-27,69,40,0.07,0.00
7,2019-07-28,72,39,0.00,0.00
7,2019-07-29,73,41,0.00,0.00
7,2019-07-30,75,42,0.00,0.00
7,2019-07-31,77,46,0.00,0.00
8,2019-05-01,40,11,0.00,0.00
8,2019-05-02,43,18,0.00,0.00
8,2019-05-03,47,15,0.00,0.00
8,2019-05-04,55,15,0.00,0.00
8,2019-05-05,58,26,0.00,0.00
8,2019-05-06,60,29,0.00,0.00
8,2019-05-07,61,29,0.14,0.00
8,2019-05-08,51,27,0.47,0.00
8,2019-05-09,49,22,0.00,0.00
8,2019-05-10,46,19,0.01,0.00
8,2019-05-11,57,19,0.00,0.00
8,2019-05-12,63,26,0.00,0.00
8,2019-05-13,71,26,0.00,0.00
8,2019-05-14,72,28,0.00,0.00
8,2019-05-15,71,29,0.02,0.00
8,2019-05-16,64,38,0.14,0.00
8,2019-05-17,61,35,0.58,0.00
8,2019-05-18,44,33,0.00,0.00
8,2019-05-19,51,31,0.31,0.00
8,2019-05-20,52,30,0.06,0.00
8,2019-05-21,42,30,0.25,0.00
8,2019-05-22,47,30,0.03,0.00
8,2019-05-23,46,31,0.00,0.00
8,2019-05-24,48,34,0.06,0.00
8,2019-05-25,52,34,0.05,0.00
8,2019-05-26,55,35,0.13,0.00
8,2019-05-27,61,30,0.01,0.00
8,2019-05-28,52,30,0.46,0.00
8,2019-05-29,60,25,0.00,0.00
8,2019-05-30,66,37,0.00,0.00
8,2019-05-31,68,26,0.00,0.00
8,2019-06-01,66,29,0.00,0.00
8,2019-06-02,72,28,0.00,0.00
8,2019-06-03,70,32,0.00,0.00
8,2019-06-04,69,34,0.06,0.00
8,2019-06-05,74,39,0.00,0.00
8,2019-06-06,72,34,0.35,0.00
8,2019-06-07,75,34,0.35,0.00
8,2019-06-08,50,31,0.55,0.00
8,2019-06-09,48,26,0.00,0.00
8,2019-06-10,57,27,0.00,0.00
8,2019-06-11,66,30,0.00,0.00
8,2019-06-12,70,37,0.00,0.00
8,2019-06-13,77,37,0.18,0.00
8,2019-06-14,68,37,0.00,0.00
8,2019-06-15,68,37,0.14,0.00
8,2019-06-16,73,33,0.37,0.00
8,2019-06-17,68,33,0.06,0.00
8,2019-06-18,72,36,0.00,0.00
8,2019-06-19,71,33,0.00,0.00
8,2019-06-20,66,28,0.00,0.00
8,2019-06-21,57,30,0.00,0.00
8,2019-06-22,51,24,0.00,0.00
8,2019-06-23,57,27,0.00,0.00
8,2019-06-24,58,28,0.00,0.00
8,2019-06-25,63,31,0.02,0.00
8,2019-06-26,69,33,0.00,0.00
8,2019-06-27,75,36,0.13,0.00
8,2019-06-28,77,38,0.00,0.00
8,2019-06-29,79,38,0.00,0.00
8,2019-06-30,75,38,0.00,0.00
8,2019-07-01,77,38,0.01,0.00
8,2019-07-02,79,40,0.19,0.00
8,2019-07-03,78,45,0.02,0.00
8,2019-07-04,73,38,0.25,0.00
8,2019-07-05,69,38,0.00,0.00
8,2019-07-06,73,34,0.00,0.00
8,2019-07-07,78,34,0.00,0.00
8,2019-07-08,80,40,0.03,0.00
8,2019-07-09,63,35,0.14,0.00
8,2019-07-10,70,34,0.01,0.00
8,2019-07-11,78,39,0.00,0.00
8,2019-07-12,86,41,0.00,0.00
8,2019-07-13,81,43,0.00,0.00
8,2019-07-14,84,43,0.03,0.00
8,2019-07-15,84,42,0.00,0.00
8,2019-07-16,82,47,0.00,0.00
8,2019-07-17,77,38,0.20,0.00
8,2019-07-18,73,38,0.01,0.00
8,2019-07-19,78,43,0.00,0.00
8,2019-07-20,78,33,0.00,0.00
8,2019-07-21,81,36,0.00,0.00
8,2019-07-22,88,37,0.00,0.00
8,2019-07-23,88,41,0.00,0.00
8,2019-07-24,79,41,0.07,0.00
8,2019-07-25,79,41,0.00,0.00
8,2019-07-26,80,50,0.00,0.00
8,2019-07-27,76,44,0.04,0.00
8,2019-07-28,79,41,0.00,0.00
8,2019-07-29,81,44,0.00,0.00
8,2019-07-30,84,45,0.00,0.00
8,2019-07-31,81,48,0.00,0.00
9,2019-05-01,38,13,0.00,0.00
9,2019-05-02,39,22,0.00,0.00
9,2019-05-03,47,18,0.00,0.00
9,2019-05-04,51,29,0.00,0.00
9,2019-05-05,53,33,0.10,0.00
9,2019-05-06,58,34,0.00,0.00
9,2019-05-07,48,31,0.20,0.00
9,2019-05-08,45,29,0.00,0.00
9,2019-05-09,46,25,0.00,0.00
9,2019-05-10,55,23,0.10,0.00
9,2019-05-11,58,30,0.00,0.00
9,2019-05-12,59,40,0.00,0.00
9,2019-05-13,62,39,0.00,0.00
9,2019-05-14,64,38,0.10,0.00
9,2019-05-15,60,40,0.10,0.00
9,2019-05-16,58,36,0.40,0.00
9,2019-05-17,41,32,0.30,0.00
9,2019-05-18,45,32,0.10,0.00
9,2019-05-19,47,30,0.00,0.00
9,2019-05-20,49,30,0.10,0.00
9,2019-05-21,44,30,0.00,0.00
9,2019-05-22,42,30,0.10,0.00
9,2019-05-23,46,32,0.00,0.00
9,2019-05-24,44,32,0.70,0.00
9,2019-05-25,53,35,0.10,0.00
9,2019-05-26,58,35,0.10,0.00
9,2019-05-27,47,36,0.00,0.00
9,2019-05-28,52,35,0.00,0.00
9,2019-05-29,60,30,0.00,0.00
9,2019-05-30,62,35,0.00,0.00
9,2019-05-31,66,34,0.00,0.00
9,2019-06-01,62,34,0.00,0.00
9,2019-06-02,66,37,0.00,0.00
9,2019-06-03,61,39,0.00,0.00
9,2019-06-04,64,38,0.00,0.00
9,2019-06-05,64,40,0.00,0.00
9,2019-06-06,62,40,0.00,0.00
9,2019-06-07,49,32,0.90,0.00
9,2019-06-08,46,24,0.70,0.00
9,2019-06-09,50,23,0.00,0.00
9,2019-06-10,57,32,0.00,0.00
9,2019-06-11,62,41,0.00,0.00
9,2019-06-12,67,40,0.00,0.00
9,2019-06-13,61,42,0.40,0.00
9,2019-06-14,62,42,0.00,0.00
9,2019-06-15,64,42,0.00,0.00
9,2019-06-16,64,39,0.00,0.00
9,2019-06-17,63,41,0.00,0.00
9,2019-06-18,60,39,0.00,0.00
9,2019-06-19,59,40,0.00,0.00
9,2019-06-20,47,31,0.10,0.00
9,2019-06-21,45,29,0.00,0.00
9,2019-06-22,49,28,0.00,0.00
9,2019-06-23,52,33,0.10,0.00
9,2019-06-24,59,40,0.00,0.00
9,2019-06-25,62,40,0.00,0.00
9,2019-06-26,67,41,0.10,0.00
9,2019-06-27,70,42,0.00,0.00
9,2019-06-28,72,41,0.00,0.00
9,2019-06-29,66,42,0.00,0.00
9,2019-06-30,71,43,0.00,0.00
9,2019-07-01,70,45,0.00,0.00
9,2019-07-02,71,45,0.00,0.00
9,2019-07-03,64,43,0.00,0.00
9,2019-07-04,61,38,0.10,0.00
9,2019-07-05,64,40,0.20,0.00
9,2019-07-06,69,44,0.00,0.00
9,2019-07-07,70,45,0.10,0.00
9,2019-07-08,63,41,0.00,0.00
9,2019-07-09,60,38,0.50,0.00
9,2019-07-10,74,40,0.00,0.00
9,2019-07-11,76,51,0.00,0.00
9,2019-07-12,77,51,0.00,0.00
9,2019-07-13,75,47,0.00,0.00
9,2019-07-14,74,49,0.00,0.00
9,2019-07-15,73,47,0.00,0.00
9,2019-07-16,70,45,0.00,0.00
9,2019-07-17,65,42,0.00,0.00
9,2019-07-18,67,50,0.00,0.00
9,2019-07-19,67,47,0.00,0.00
9,2019-07-20,69,42,0.00,0.00
9,2019-07-21,69,48,0.00,0.00
9,2019-07-22,79,54,0.00,0.00
9,2019-07-23,71,55,0.00,0.00
9,2019-07-24,68,55,0.00,0.00
9,2019-07-25,75,43,0.00,0.00
9,2019-07-26,77,45,0.20,0.00
9,2019-07-27,73,43,0.30,0.00
9,2019-07-28,72,43,0.00,0.00
9,2019-07-29,76,43,0.00,0.00
9,2019-07-30,75,41,0.00,0.00
9,2019-07-31,72,54,0.00,0.00
10,2019-05-01,42,21,0.00,0.00
10,2019-05-02,42,21,0.10,0.00
10,2019-05-03,50,13,0.30,0.00
10,2019-05-04,56,27,0.10,0.00
10,2019-05-05,56,29,0.10,0.00
10,2019-05-06,57,31,0.10,0.00
10,2019-05-07,43,30,0.00,0.00
10,2019-05-08,45,30,0.00,0.00
10,2019-05-09,46,24,0.00,0.00
10,2019-05-10,54,21,0.10,0.00
10,2019-05-11,60,29,0.10,0.00
10,2019-05-12,62,28,0.00,0.00
10,2019-05-13,65,29,0.10,0.00
10,2019-05-14,65,31,0.00,0.00
10,2019-05-15,63,35,0.00,0.00
10,2019-05-16,63,34,0.00,0.00
10,2019-05-17,44,32,0.00,0.00
10,2019-05-18,48,30,0.00,0.00
10,2019-05-19,39,29,0.00,0.00
10,2019-05-20,44,31,0.00,0.00
10,2019-05-21,47,32,0.00,0.00
10,2019-05-22,43,31,0.00,0.00
10,2019-05-23,46,33,0.10,0.00
10,2019-05-24,49,33,0.30,0.00
10,2019-05-25,57,35,0.10,0.00
10,2019-05-26,58,32,0.00,0.00
10,2019-05-27,47,33,0.20,0.00
10,2019-05-28,53,29,0.10,0.00
10,2019-05-29,62,26,0.30,0.00
10,2019-05-30,64,28,0.10,0.00
10,2019-05-31,64,32,0.00,0.00
10,2019-06-01,67,30,0.10,0.00
10,2019-06-02,70,32,0.00,0.00
10,2019-06-03,65,33,0.00,0.00
10,2019-06-04,70,32,0.00,0.00
10,2019-06-05,69,35,0.10,0.00
10,2019-06-06,68,31,0.00,0.00
10,2019-06-07,62,33,0.40,0.00
10,2019-06-08,41,30,0.60,0.00
10,2019-06-09,51,28,0.20,0.00
10,2019-06-10,62,27,0.10,0.00
10,2019-06-11,64,34,0.00,0.00
10,2019-06-12,70,32,0.10,0.00
10,2019-06-13,66,37,0.00,0.00
10,2019-06-14,64,36,0.00,0.00
10,2019-06-15,71,36,0.10,0.00
10,2019-06-16,67,32,0.00,0.00
10,2019-06-17,67,36,0.00,0.00
10,2019-06-18,65,36,0.00,0.00
10,2019-06-19,63,33,0.00,0.00
10,2019-06-20,53,30,0.00,0.00
10,2019-06-21,48,27,0.10,0.00
10,2019-06-22,52,25,0.10,0.00
10,2019-06-23,56,31,0.10,0.00
10,2019-06-24,61,34,0.00,0.00
10,2019-06-25,66,32,0.10,0.00
10,2019-06-26,71,36,0.00,0.00
10,2019-06-27,74,33,0.10,0.00
10,2019-06-28,79,34,0.00,0.00
10,2019-06-29,72,34,0.00,0.00
10,2019-06-30,76,35,0.00,0.00
10,2019-07-01,73,38,0.00,0.00
10,2019-07-02,75,35,0.10,0.00
10,2019-07-03,68,42,0.00,0.00
10,2019-07-04,67,37,0.00,0.00
10,2019-07-05,68,38,0.00,0.00
10,2019-07-06,73,37,0.00,0.00
10,2019-07-07,76,36,0.10,0.00
10,2019-07-08,68,38,0.20,0.00
10,2019-07-09,63,34,0.30,0.00
10,2019-07-10,76,32,0.20,0.00
10,2019-07-11,80,38,0.00,0.00
10,2019-07-12,81,39,0.00,0.00
10,2019-07-13,79,40,0.10,0.00
10,2019-07-14,78,42,0.00,0.00
10,2019-07-15,76,38,0.00,0.00
10,2019-07-16,73,38,0.10,0.00
10,2019-07-17,69,36,0.10,0.00
10,2019-07-18,72,43,0.00,0.00
10,2019-07-19,72,40,0.00,0.00
10,2019-07-20,76,34,0.10,0.00
10,2019-07-21,82,41,0.00,0.00
10,2019-07-22,81,46,0.03,0.00
10,2019-07-23,84,45,0.00,0.00
10,2019-07-24,75,41,0.04,0.00
10,2019-07-25,82,42,0.00,0.00
10,2019-07-26,82,50,0.00,0.00
10,2019-07-27,78,44,0.00,0.00
10,2019-07-28,81,43,0.00,0.00
10,2019-07-29,84,45,0.00,0.00
10,2019-07-30,85,47,0.00,0.00
10,2019-07-31,82,50,0.00,0.00
11,2019-05-01,34,3,0.00,0.00
11,2019-05-02,38,12,0.09,0.00
11,2019-05-03,46,7,0.00,0.00
11,2019-05-04,50,22,0.00,0.00
11,2019-05-05,52,27,0.01,0.00
11,2019-05-06,49,30,0.03,0.00
11,2019-05-07,43,29,0.28,0.80
11,2019-05-08,40,27,0.00,0.00
11,2019-05-09,39,23,0.00,0.00
11,2019-05-10,49,17,0.00,0.00
11,2019-05-11,56,25,0.00,0.00
11,2019-05-12,61,25,0.00,0.00
11,2019-05-13,62,27,0.00,0.00
11,2019-05-14,61,28,0.01,0.00
11,2019-05-15,58,33,0.00,0.00
11,2019-05-16,55,35,0.05,0.00
11,2019-05-17,39,30,0.01,0.00
11,2019-05-18,40,27,0.02,0.00
11,2019-05-19,42,22,0.00,0.00
11,2019-05-20,38,25,0.01,0.00
11,2019-05-21,42,28,0.01,0.00
11,2019-05-22,39,26,0.00,0.00
11,2019-05-23,41,28,0.00,0.00
11,2019-05-24,39,27,0.00,0.00
11,2019-05-25,47,30,0.00,0.00
11,2019-05-26,53,32,0.01,0.00
11,2019-05-27,44,30,0.14,0.00
11,2019-05-28,51,31,0.00,0.00
11,2019-05-29,59,26,0.00,0.00
11,2019-05-30,59,24,0.04,0.00
11,2019-05-31,54,34,0.03,0.00
11,2019-06-01,62,28,0.00,0.00
11,2019-06-02,66,31,0.00,0.00
11,2019-06-03,56,32,0.06,0.00
11,2019-06-04,68,31,0.00,0.00
11,2019-06-05,68,36,0.00,0.00
11,2019-06-06,61,31,0.37,0.00
11,2019-06-07,52,31,0.74,0.00
11,2019-06-08,36,25,0.24,0.00
11,2019-06-09,46,22,0.00,0.00
11,2019-06-10,58,27,0.00,0.00
11,2019-06-11,62,37,0.00,0.00
11,2019-06-12,69,34,0.01,0.00
11,2019-06-13,63,38,0.21,0.00
11,2019-06-14,56,35,0.13,0.00
11,2019-06-15,66,37,0.02,0.00
11,2019-06-16,60,32,0.04,0.00
11,2019-06-17,61,38,0.03,0.00
11,2019-06-18,62,35,0.08,0.00
11,2019-06-19,59,33,0.00,0.00
11,2019-06-20,49,28,0.06,0.00
11,2019-06-21,42,26,0.05,0.00
11,2019-06-22,48,23,0.03,0.00
11,2019-06-23,51,28,0.00,0.00
11,2019-06-24,56,34,0.01,0.00
11,2019-06-25,65,31,0.00,0.00
11,2019-06-26,69,36,0.12,0.00
11,2019-06-27,72,34,0.00,0.00
11,2019-06-28,73,37,0.00,0.00
11,2019-06-29,69,36,0.00,0.00
11,2019-06-30,72,35,0.00,0.00
11,2019-07-01,71,41,0.03,0.00
11,2019-07-02,72,37,0.00,0.00
11,2019-07-03,67,44,0.00,0.00
11,2019-07-04,64,36,0.13,0.00
11,2019-07-05,63,39,0.01,0.00
11,2019-07-06,71,34,0.00,0.00
11,2019-07-07,73,37,0.00,0.00
11,2019-07-08,62,38,0.22,0.00
11,2019-07-09,62,32,0.08,0.00
11,2019-07-10,73,33,0.00,0.00
11,2019-07-11,79,40,0.00,0.00
11,2019-07-12,81,41,0.05,0.00
11,2019-07-13,77,42,0.00,0.00
11,2019-07-14,78,45,0.00,0.00
11,2019-07-15,76,40,0.00,0.00
11,2019-07-16,72,42,0.02,0.00
11,2019-07-17,68,37,0.00,0.00
11,2019-07-18,69,42,0.00,0.00
11,2019-07-19,69,43,0.00,0.00
11,2019-07-20,72,34,0.00,0.00
11,2019-07-21,79,36,0.00,0.00
11,2019-07-22,79,41,0.00,0.00
11,2019-07-23,77,41,0.05,0.00
11,2019-07-24,74,37,0.04,0.00
11,2019-07-25,74,37,0.00,0.00
11,2019-07-26,75,46,0.02,0.00
11,2019-07-27,69,40,0.07,0.00
11,2019-07-28,72,39,0.00,0.00
11,2019-07-29,73,41,0.00,0.00
11,2019-07-30,75,42,0.00,0.00
11,2019-07-31,77,46,0.00,0.00
12,2019-05-01,37,8,0.10,0.00
12,2019-05-02,40,18,0.00,0.00
12,2019-05-03,48,11,0.00,0.00
12,2019-05-04,51,26,0.00,0.00
12,2019-05-05,50,31,0.00,0.00
12,2019-05-06,54,32,0.00,0.00
12,2019-05-07,46,32,0.40,0.80
12,2019-05-08,41,30,0.00,0.00
12,2019-05-09,47,22,0.00,0.00
12,2019-05-10,49,18,0.10,0.00
12,2019-05-11,55,29,0.00,0.00
12,2019-05-12,60,28,0.00,0.00
12,2019-05-13,63,31,0.00,0.00
12,2019-05-14,62,33,0.00,0.00
12,2019-05-15,59,36,0.00,0.00
12,2019-05-16,61,36,0.30,0.00
12,2019-05-17,41,34,0.30,0.00
12,2019-05-18,46,32,0.20,0.00
12,2019-05-19,50,31,0.00,0.00
12,2019-05-20,46,31,0.10,0.00
12,2019-05-21,42,30,0.00,0.00
12,2019-05-22,41,31,0.00,0.00
12,2019-05-23,46,34,0.10,0.00
12,2019-05-24,46,34,0.10,0.00
12,2019-05-25,52,35,0.10,0.00
12,2019-05-26,59,35,0.00,0.00
12,2019-05-27,49,35,0.20,0.00
12,2019-05-28,53,30,0.10,0.00
12,2019-05-29,61,28,0.10,0.00
12,2019-05-30,62,30,0.10,0.00
12,2019-05-31,62,33,0.00,0.00
12,2019-06-01,63,31,0.00,0.00
12,2019-06-02,67,34,0.00,0.00
12,2019-06-03,64,35,0.10,0.00
12,2019-06-04,67,35,0.00,0.00
12,2019-06-05,67,40,0.00,0.00
12,2019-06-06,67,35,0.10,0.00
12,2019-06-07,54,33,0.60,0.00
12,2019-06-08,44,28,0.30,0.00
12,2019-06-09,48,27,0.10,0.00
12,2019-06-10,59,30,0.00,0.00
12,2019-06-11,62,39,0.10,0.00
12,2019-06-12,69,36,0.00,0.00
12,2019-06-13,66,42,0.00,0.00
12,2019-06-14,62,39,0.40,0.00
12,2019-06-15,67,38,0.30,0.00
12,2019-06-16,66,36,0.00,0.00
12,2019-06-17,64,40,0.00,0.00
12,2019-06-18,63,38,0.00,0.00
12,2019-06-19,61,34,0.00,0.00
12,2019-06-20,51,31,0.10,0.00
12,2019-06-21,45,29,0.20,0.00
12,2019-06-22,48,28,0.20,0.00
12,2019-06-23,52,31,0.10,0.00
12,2019-06-24,58,38,0.10,0.00
12,2019-06-25,62,33,0.10,0.00
12,2019-06-26,70,38,0.00,0.00
12,2019-06-27,71,37,0.00,0.00
12,2019-06-28,72,40,0.00,0.00
12,2019-06-29,69,38,0.00,0.00
12,2019-06-30,72,38,0.00,0.00
12,2019-07-01,71,44,0.00,0.00
12,2019-07-02,67,40,0.00,0.00
12,2019-07-03,66,44,0.00,0.00
12,2019-07-04,64,39,0.00,0.00
12,2019-07-05,64,40,0.10,0.00
12,2019-07-06,71,36,0.00,0.00
12,2019-07-07,72,40,0.00,0.00
12,2019-07-08,65,41,0.00,0.00
12,2019-07-09,60,37,0.00,0.00
12,2019-07-10,71,35,0.00,0.00
12,2019-07-11,77,43,0.00,0.00
12,2019-07-12,78,43,0.00,0.00
12,2019-07-13,77,43,0.00,0.00
12,2019-07-14,77,46,0.00,0.00
12,2019-07-15,74,42,0.00,0.00
12,2019-07-16,69,43,0.00,0.00
12,2019-07-17,65,42,0.10,0.00
12,2019-07-18,69,41,0.00,0.00
12,2019-07-19,68,42,0.00,0.00
12,2019-07-20,72,35,0.00,0.00
12,2019-07-21,79,36,0.00,0.00
12,2019-07-22,79,41,0.00,0.00
12,2019-07-23,77,41,0.05,0.00
12,2019-07-24,74,37,0.04,0.00
12,2019-07-25,74,37,0.00,0.00
12,2019-07-26,75,46,0.02,0.00
12,2019-07-27,69,40,0.07,0.00
12,2019-07-28,72,39,0.00,0.00
12,2019-07-29,73,41,0.00,0.00
12,2019-07-30,75,42,0.00,0.00
12,2019-07-31,77,46,0.00,0.00
13,2019-05-01,42,14,0.00,0.00
13,2019-05-02,45,25,0.00,0.00
13,2019-05-03,47,18,0.01,0.00
13,2019-05-04,56,29,0.00,0.00
13,2019-05-05,59,35,0.00,0.00
13,2019-05-06,61,35,0.03,0.00
13,2019-05-07,63,31,0.08,0.80
13,2019-05-08,52,34,0.00,0.00
13,2019-05-09,51,24,0.00,0.00
13,2019-05-10,49,20,0.00,0.00
13,2019-05-11,57,28,0.00,0.00
13,2019-05-12,65,27,0.00,0.00
13,2019-05-13,71,30,0.00,0.00
13,2019-05-14,72,36,0.03,0.00
13,2019-05-15,72,37,0.08,0.00
13,2019-05-16,66,39,0.11,0.00
13,2019-05-17,69,40,0.50,0.00
13,2019-05-18,48,36,0.05,0.00
13,2019-05-19,50,32,0.00,0.00
13,2019-05-20,50,30,0.00,0.00
13,2019-05-21,50,30,0.10,0.00
13,2019-05-22,47,31,0.00,0.00
13,2019-05-23,51,33,0.00,0.00
13,2019-05-24,50,36,0.10,0.00
13,2019-05-25,51,39,0.11,0.00
13,2019-05-26,59,38,0.01,0.00
13,2019-05-27,63,35,0.01,0.00
13,2019-05-28,55,33,0.18,0.00
13,2019-05-29,61,27,0.00,0.00
13,2019-05-30,68,30,0.04,0.00
13,2019-05-31,68,37,0.03,0.00
13,2019-06-01,68,33,0.14,0.00
13,2019-06-02,71,35,0.01,0.00
13,2019-06-03,70,36,0.04,0.00
13,2019-06-04,69,36,0.01,0.00
13,2019-06-05,74,45,0.01,0.00
13,2019-06-06,74,38,0.00,0.00
13,2019-06-07,73,46,0.27,0.00
13,2019-06-08,62,33,0.39,0.00
13,2019-06-09,49,29,0.03,0.00
13,2019-06-10,56,30,0.00,0.00
13,2019-06-11,65,42,0.00,0.00
13,2019-06-12,69,35,0.00,0.00
13,2019-06-13,76,45,0.55,0.00
13,2019-06-14,69,38,0.00,0.00
13,2019-06-15,72,40,0.00,0.00
13,2019-06-16,73,37,0.00,0.00
13,2019-06-17,67,40,0.15,0.00
13,2019-06-18,70,39,0.14,0.00
13,2019-06-19,71,39,0.02,0.00
13,2019-06-20,68,31,0.10,0.00
13,2019-06-21,57,32,0.07,0.00
13,2019-06-22,52,28,0.01,0.00
13,2019-06-23,56,30,0.00,0.00
13,2019-06-24,59,43,0.14,0.00
13,2019-06-25,62,34,0.07,0.00
13,2019-06-26,68,38,0.00,0.00
13,2019-06-27,75,39,0.00,0.00
13,2019-06-28,78,41,0.00,0.00
13,2019-06-29,79,40,0.00,0.00
13,2019-06-30,75,39,0.00,0.00
13,2019-07-01,73,44,0.09,0.00
13,2019-07-02,78,40,0.04,0.00
13,2019-07-03,73,43,0.12,0.00
13,2019-07-04,69,41,0.11,0.00
13,2019-07-05,71,45,0.00,0.00
13,2019-07-06,70,37,0.00,0.00
13,2019-07-07,78,40,0.00,0.00
13,2019-07-08,78,45,0.00,0.00
13,2019-07-09,70,37,0.10,0.00
13,2019-07-10,68,35,0.01,0.00
13,2019-07-11,80,44,0.00,0.00
13,2019-07-12,84,43,0.60,0.00
13,2019-07-13,85,44,0.04,0.00
13,2019-07-14,84,46,0.02,0.00
13,2019-07-15,84,43,0.00,0.00
13,2019-07-16,77,44,0.01,0.00
13,2019-07-17,68,37,0.00,0.00
13,2019-07-18,69,42,0.00,0.00
13,2019-07-19,76,45,0.00,0.00
13,2019-07-20,76,37,0.00,0.00
13,2019-07-21,79,36,0.00,0.00
13,2019-07-22,79,41,0.00,0.00
13,2019-07-23,77,41,0.05,0.00
13,2019-07-24,76,42,0.04,0.00
13,2019-07-25,81,40,0.00,0.00
13,2019-07-26,82,50,0.00,0.00
13,2019-07-27,76,44,0.16,0.00
13,2019-07-28,77,41,0.00,0.00
13,2019-07-29,80,42,0.00,0.00
13,2019-07-30,83,44,0.00,0.00
13,2019-07-31,82,50,0.00,0.00
14,2019-05-01,37,14,0.02,0.00
14,2019-05-02,46,28,0.00,0.00
14,2019-05-03,45,16,0.03,0.00
14,2019-05-04,56,31,0.00,0.00
14,2019-05-05,59,34,0.00,0.00
14,2019-05-06,55,35,0.09,0.00
14,2019-05-07,63,30,0.14,0.80
14,2019-05-08,50,31,0.03,0.00
14,2019-05-09,45,24,0.00,0.00
14,2019-05-10,47,19,0.00,0.00
14,2019-05-11,59,31,0.01,0.00
14,2019-05-12,62,27,0.00,0.00
14,2019-05-13,71,30,0.00,0.00
14,2019-05-14,73,35,0.03,0.00
14,2019-05-15,73,36,0.00,0.00
14,2019-05-16,64,41,0.03,0.00
14,2019-05-17,68,35,0.24,0.00
14,2019-05-18,45,34,0.32,0.00
14,2019-05-19,50,32,0.00,0.00
14,2019-05-20,55,30,0.01,0.00
14,2019-05-21,50,30,0.01,0.00
14,2019-05-22,49,30,0.00,0.00
14,2019-05-23,46,33,0.00,0.00
14,2019-05-24,53,36,0.16,0.00
14,2019-05-25,52,35,0.06,0.00
14,2019-05-26,59,39,0.20,0.00
14,2019-05-27,64,34,0.00,0.00
14,2019-05-28,64,31,0.21,0.00
14,2019-05-29,59,26,0.00,0.00
14,2019-05-30,67,30,0.00,0.00
14,2019-05-31,68,39,0.00,0.00
14,2019-06-01,67,32,0.00,0.00
14,2019-06-02,70,34,0.00,0.00
14,2019-06-03,73,35,0.09,0.00
14,2019-06-04,66,35,0.64,0.00
14,2019-06-05,75,42,0.02,0.00
14,2019-06-06,75,38,0.00,0.00
14,2019-06-07,71,45,0.28,0.00
14,2019-06-08,62,32,0.49,0.00
14,2019-06-09,45,29,0.08,0.00
14,2019-06-10,56,30,0.00,0.00
14,2019-06-11,65,37,0.00,0.00
14,2019-06-12,68,34,0.00,0.00
14,2019-06-13,77,34,0.20,0.00
14,2019-06-14,70,38,0.28,0.00
14,2019-06-15,70,40,0.05,0.00
14,2019-06-16,72,37,0.10,0.00
14,2019-06-17,67,39,0.23,0.00
14,2019-06-18,70,39,0.01,0.00
14,2019-06-19,70,39,0.00,0.00
14,2019-06-20,69,37,0.07,0.00
14,2019-06-21,58,32,0.25,0.00
14,2019-06-22,52,27,0.03,0.00
14,2019-06-23,53,32,0.01,0.00
14,2019-06-24,57,40,0.12,0.00
14,2019-06-25,62,34,0.12,0.00
14,2019-06-26,68,39,0.05,0.00
14,2019-06-27,70,38,0.02,0.00
14,2019-06-28,78,38,0.00,0.00
14,2019-06-29,81,38,0.00,0.00
14,2019-06-30,80,39,0.00,0.00
14,2019-07-01,75,44,0.13,0.00
14,2019-07-02,78,40,0.00,0.00
14,2019-07-03,76,42,0.13,0.00
14,2019-07-04,71,43,0.00,0.00
14,2019-07-05,71,43,0.04,0.00
14,2019-07-06,71,34,0.00,0.00
14,2019-07-07,78,41,0.00,0.00
14,2019-07-08,79,44,0.04,0.00
14,2019-07-09,68,38,0.11,0.00
14,2019-07-10,67,35,0.03,0.00
14,2019-07-11,77,42,0.00,0.00
14,2019-07-12,86,43,0.00,0.00
14,2019-07-13,87,45,0.05,0.00
14,2019-07-14,83,47,0.28,0.00
14,2019-07-15,86,43,0.00,0.00
14,2019-07-16,86,43,0.00,0.00
14,2019-07-17,86,42,0.18,0.00
14,2019-07-18,74,46,0.00,0.00
14,2019-07-19,77,44,0.00,0.00
14,2019-07-20,77,35,0.00,0.00
14,2019-07-21,79,36,0.00,0.00
14,2019-07-22,79,41,0.00,0.00
14,2019-07-23,77,41,0.05,0.00
14,2019-07-24,76,42,0.02,0.00
14,2019-07-25,81,40,0.00,0.00
14,2019-07-26,82,50,0.00,0.00
14,2019-07-27,76,44,0.16,0.00
14,2019-07-28,77,41,0.00,0.00
14,2019-07-29,80,42,0.00,0.00
14,2019-07-30,83,44,0.00,0.00
14,2019-07-31,82,50,0.00,0.00
15,2019-05-01,40,11,0.10,0.00
15,2019-05-02,38,19,0.20,0.00
15,2019-05-03,45,14,0.30,0.00
15,2019-05-04,52,28,0.00,0.00
15,2019-05-05,48,32,0.00,0.00
15,2019-05-06,55,32,0.20,0.00
15,2019-05-07,43,27,0.40,0.00
15,2019-05-08,37,24,0.00,0.00
15,2019-05-09,37,21,0.00,0.00
15,2019-05-10,49,18,0.10,0.00
15,2019-05-11,53,29,0.20,0.00
15,2019-05-12,59,32,0.00,0.00
15,2019-05-13,60,36,0.00,0.00
15,2019-05-14,60,37,0.00,0.00
15,2019-05-15,61,38,0.00,0.00
15,2019-05-16,59,36,0.10,0.00
15,2019-05-17,41,29,0.30,0.00
15,2019-05-18,43,26,0.30,0.00
15,2019-05-19,42,24,0.00,0.00
15,2019-05-20,36,24,0.00,0.00
15,2019-05-21,40,23,0.10,0.00
15,2019-05-22,35,23,0.30,0.00
15,2019-05-23,37,28,0.40,0.00
15,2019-05-24,40,29,0.70,0.00
15,2019-05-25,54,31,0.10,0.00
15,2019-05-26,52,32,0.10,0.00
15,2019-05-27,40,32,0.10,0.00
15,2019-05-28,48,29,0.30,0.00
15,2019-05-29,59,28,0.10,0.00
15,2019-05-30,62,34,0.00,0.00
15,2019-05-31,60,37,0.00,0.00
15,2019-06-01,64,35,0.10,0.00
15,2019-06-02,66,38,0.00,0.00
15,2019-06-03,60,38,0.00,0.00
15,2019-06-04,66,38,0.10,0.00
15,2019-06-05,64,40,0.00,0.00
15,2019-06-06,66,39,0.10,0.00
15,2019-06-07,54,29,0.40,0.00
15,2019-06-08,45,24,0.80,0.00
15,2019-06-09,47,24,0.10,0.00
15,2019-06-10,54,29,0.10,0.00
15,2019-06-11,56,38,0.00,0.00
15,2019-06-12,66,38,0.10,0.00
15,2019-06-13,62,40,0.10,0.00
15,2019-06-14,60,38,0.60,0.00
15,2019-06-15,63,40,0.00,0.00
15,2019-06-16,61,39,0.20,0.00
15,2019-06-17,63,38,0.10,0.00
15,2019-06-18,61,38,0.10,0.00
15,2019-06-19,54,35,0.10,0.00
15,2019-06-20,46,28,0.00,0.00
15,2019-06-21,45,26,0.20,0.00
15,2019-06-22,46,34,0.20,0.00
15,2019-06-23,48,40,0.00,0.00
15,2019-06-24,52,36,0.00,0.00
15,2019-06-25,58,45,0.10,0.00
15,2019-06-26,64,47,0.20,0.00
15,2019-06-27,65,47,0.00,0.00
15,2019-06-28,66,50,0.00,0.00
15,2019-06-29,63,45,0.00,0.00
15,2019-06-30,65,47,0.00,0.00
15,2019-07-01,63,38,0.00,0.00
15,2019-07-02,64,42,0.00,0.00
15,2019-07-03,60,41,0.00,0.00
15,2019-07-04,58,35,0.00,0.00
15,2019-07-05,57,38,0.20,0.00
15,2019-07-06,65,42,0.00,0.00
15,2019-07-07,67,47,0.00,0.00
15,2019-07-08,60,39,0.00,0.00
15,2019-07-09,52,36,0.20,0.00
15,2019-07-10,65,40,0.10,0.00
15,2019-07-11,71,50,0.00,0.00
15,2019-07-12,72,46,0.00,0.00
15,2019-07-13,72,48,0.10,0.00
15,2019-07-14,71,46,0.00,0.00
15,2019-07-15,67,48,0.00,0.00
15,2019-07-16,66,42,0.00,0.00
15,2019-07-17,60,41,0.10,0.00
15,2019-07-18,63,47,0.10,0.00
15,2019-07-19,63,48,0.00,0.00
15,2019-07-20,67,40,0.00,0.00
15,2019-07-21,71,43,0.00,0.00
15,2019-07-22,74,50,0.00,0.00
15,2019-07-23,77,52,0.00,0.00
15,2019-07-24,70,37,0.00,0.00
15,2019-07-25,68,44,0.00,0.00
15,2019-07-26,70,49,0.00,0.00
15,2019-07-27,67,44,0.20,0.00
15,2019-07-28,64,45,0.10,0.00
15,2019-07-29,77,47,0.10,0.00
15,2019-07-30,77,48,0.00,0.00
15,2019-07-31,80,48,0.00,0.00
16,2019-05-01,41,10,0.00,0.00
16,2019-05-02,42,22,0.10,0.00
16,2019-05-03,52,16,0.00,0.00
16,2019-05-04,55,29,0.00,0.00
16,2019-05-05,54,33,0.10,0.00
16,2019-05-06,58,35,0.10,0.00
16,2019-05-07,49,30,0.00,0.00
16,2019-05-08,47,30,0.10,0.00
16,2019-05-09,47,26,0.00,0.00
16,2019-05-10,52,20,0.00,0.00
16,2019-05-11,58,30,0.10,0.00
16,2019-05-12,65,28,0.00,0.00
16,2019-05-13,66,31,0.00,0.00
16,2019-05-14,64,33,0.10,0.00
16,2019-05-15,60,34,0.10,0.00
16,2019-05-16,63,38,0.40,0.00
16,2019-05-17,44,33,0.30,0.00
16,2019-05-18,46,31,0.10,0.00
16,2019-05-19,50,31,0.00,0.00
16,2019-05-20,48,30,0.10,0.00
16,2019-05-21,48,27,0.00,0.00
16,2019-05-22,44,32,0.00,0.00
16,2019-05-23,47,34,0.00,0.00
16,2019-05-24,47,35,0.30,0.00
16,2019-05-25,56,36,0.20,0.00
16,2019-05-26,59,35,0.10,0.00
16,2019-05-27,52,34,0.10,0.00
16,2019-05-28,55,31,0.00,0.00
16,2019-05-29,63,28,0.00,0.00
16,2019-05-30,65,30,0.00,0.00
16,2019-05-31,63,36,0.10,0.00
16,2019-06-01,65,32,0.00,0.00
16,2019-06-02,67,34,0.00,0.00
16,2019-06-03,66,34,0.00,0.00
16,2019-06-04,71,34,0.00,0.00
16,2019-06-05,70,40,0.00,0.00
16,2019-06-06,69,36,0.10,0.00
16,2019-06-07,55,35,0.80,0.00
16,2019-06-08,45,33,0.20,0.00
16,2019-06-09,53,30,0.00,0.00
16,2019-06-10,59,29,0.00,0.00
16,2019-06-11,62,39,0.00,0.00
16,2019-06-12,72,34,0.00,0.00
16,2019-06-13,68,40,0.40,0.00
16,2019-06-14,66,38,0.10,0.00
16,2019-06-15,69,36,0.10,0.00
16,2019-06-16,65,37,0.20,0.00
16,2019-06-17,65,36,0.10,0.00
16,2019-06-18,67,33,0.00,0.00
16,2019-06-19,62,32,0.30,0.00
16,2019-06-20,53,30,0.30,0.00
16,2019-06-21,47,32,0.20,0.00
16,2019-06-22,52,30,0.00,0.00
16,2019-06-23,54,32,0.00,0.00
16,2019-06-24,58,40,0.30,0.00
16,2019-06-25,65,34,0.10,0.00
16,2019-06-26,68,39,0.00,0.00
16,2019-06-27,73,40,0.00,0.00
16,2019-06-28,75,41,0.00,0.00
16,2019-06-29,72,38,0.00,0.00
16,2019-06-30,71,41,0.10,0.00
16,2019-07-01,74,44,0.10,0.00
16,2019-07-02,69,41,0.20,0.00
16,2019-07-03,67,45,0.00,0.00
16,2019-07-04,66,42,0.20,0.00
16,2019-07-05,66,44,0.00,0.00
16,2019-07-06,72,41,0.00,0.00
16,2019-07-07,74,43,0.00,0.00
16,2019-07-08,67,42,0.10,0.00
16,2019-07-09,63,40,0.00,0.00
16,2019-07-10,75,36,0.00,0.00
16,2019-07-11,80,43,0.00,0.00
16,2019-07-12,80,43,0.00,0.00
16,2019-07-13,79,45,0.50,0.00
16,2019-07-14,80,45,0.00,0.00
16,2019-07-15,75,44,0.00,0.00
16,2019-07-16,67,45,0.10,0.00
16,2019-07-17,68,40,0.00,0.00
16,2019-07-18,70,44,0.00,0.00
16,2019-07-19,70,44,0.10,0.00
16,2019-07-20,75,38,0.00,0.00
16,2019-07-21,71,39,0.00,0.00
16,2019-07-22,78,43,0.01,0.00
16,2019-07-23,78,50,0.19,0.00
16,2019-07-24,75,43,0.00,0.00
16,2019-07-25,73,43,0.00,0.00
16,2019-07-26,75,49,0.10,0.00
16,2019-07-27,68,42,0.20,0.00
16,2019-07-28,69,42,0.20,0.00
16,2019-07-29,70,44,0.05,0.00
16,2019-07-30,71,45,0.02,0.00
16,2019-07-31,75,47,0.01,0.00
17,2019-05-01,39,16,0.00,0.00
17,2019-05-02,45,25,0.00,0.00
17,2019-05-03,47,9,0.00,0.00
17,2019-05-04,59,47,0.00,0.00
17,2019-05-05,58,38,0.00,0.00
17,2019-05-06,61,25,0.02,0.00
17,2019-05-07,58,32,0.02,0.00
17,2019-05-08,56,36,0.00,0.00
17,2019-05-09,49,27,0.00,0.00
17,2019-05-10,53,25,0.00,0.00
17,2019-05-11,59,41,0.00,0.00
17,2019-05-12,66,44,0.00,0.00
17,2019-05-13,75,33,0.00,0.00
17,2019-05-14,75,40,0.01,0.00
17,2019-05-15,72,42,0.01,0.00
17,2019-05-16,69,42,0.12,0.00
17,2019-05-17,65,37,0.27,0.00
17,2019-05-18,48,30,0.04,0.00
17,2019-05-19,46,29,0.33,0.20
17,2019-05-20,42,28,0.20,0.30
17,2019-05-21,46,32,0.03,0.00
17,2019-05-22,46,31,0.04,0.00
17,2019-05-23,47,33,0.00,0.00
17,2019-05-24,50,25,0.11,0.00
17,2019-05-25,54,43,0.01,0.00
17,2019-05-26,60,47,0.01,0.00
17,2019-05-27,62,37,0.09,0.00
17,2019-05-28,55,38,0.15,0.00
17,2019-05-29,62,31,0.00,0.00
17,2019-05-30,71,38,0.00,0.00
17,2019-05-31,72,31,0.00,0.00
17,2019-06-01,71,49,,0.00
17,2019-06-02,73,54,0.00,0.00
17,2019-06-03,76,38,0.00,0.00
17,2019-06-04,73,43,,0.00
17,2019-06-05,78,47,,0.00
17,2019-06-06,79,49,0.00,0.00
17,2019-06-07,50,34,0.35,0.10
17,2019-06-08,60,32,0.38,1.50
17,2019-06-09,46,43,0.01,0.00
17,2019-06-10,58,30,0.01,0.00
17,2019-06-11,71,41,0.00,0.00
17,2019-06-12,69,42,0.00,0.00
17,2019-06-13,77,46,0.23,0.00
17,2019-06-14,70,46,0.00,0.00
17,2019-06-15,75,43,0.02,0.00
17,2019-06-16,73,41,0.27,0.00
17,2019-06-17,69,44,0.11,0.00
17,2019-06-18,71,42,0.07,0.00
17,2019-06-19,73,43,0.01,0.00
17,2019-06-20,69,34,0.48,0.00
17,2019-06-21,57,33,0.10,0.00
17,2019-06-22,53,37,0.00,0.00
17,2019-06-23,58,45,0.00,0.00
17,2019-06-24,60,32,0.01,0.00
17,2019-06-25,66,37,0.04,0.00
17,2019-06-26,71,41,0.00,0.00
17,2019-06-27,78,39,0.07,0.00
17,2019-06-28,78,48,0.00,0.00
17,2019-06-29,80,51,0.00,0.00
17,2019-06-30,77,49,0.00,0.00
17,2019-07-01,78,46,0.09,0.00
17,2019-07-02,75,39,0.07,0.00
17,2019-07-03,68,46,0.25,0.00
17,2019-07-04,68,39,0.00,0.00
17,2019-07-05,70,41,0.00,0.00
17,2019-07-06,72,63,0.00,0.00
17,2019-07-07,81,53,0.00,0.00
17,2019-07-08,81,42,0.00,0.00
17,2019-07-09,71,41,0.10,0.00
17,2019-07-10,69,43,0.00,0.00
17,2019-07-11,82,51,0.00,0.00
17,2019-07-12,84,41,0.00,0.00
17,2019-07-13,81,43,0.00,0.00
17,2019-07-14,82,45,0.00,0.00
17,2019-07-15,80,49,0.01,0.00
17,2019-07-16,84,49,0.01,0.00
17,2019-07-17,75,45,0.45,0.00
17,2019-07-18,75,50,0.00,0.00
17,2019-07-19,73,45,0.00,0.00
17,2019-07-20,75,32,0.00,0.00
17,2019-07-21,81,36,0.00,0.00
17,2019-07-22,88,37,0.00,0.00
17,2019-07-23,88,41,0.00,0.00
17,2019-07-24,78,43,0.12,0.00
17,2019-07-25,79,43,0.00,0.00
17,2019-07-26,81,51,0.00,0.00
17,2019-07-27,76,45,0.33,0.00
17,2019-07-28,77,42,0.00,0.00
17,2019-07-29,78,44,0.00,0.00
17,2019-07-30,82,46,0.00,0.00
17,2019-07-31,81,51,0.00,0.00
18,2019-05-01,40,3,0.00,0.00
18,2019-05-02,43,16,0.10,0.00
18,2019-05-03,49,7,0.10,0.00
18,2019-05-04,53,24,0.00,0.00
18,2019-05-05,54,29,0.00,0.00
18,2019-05-06,61,31,0.00,0.00
18,2019-05-07,50,28,0.50,0.80
18,2019-05-08,45,24,0.00,0.00
18,2019-05-09,48,21,0.00,0.00
18,2019-05-10,53,16,0.00,0.00
18,2019-05-11,60,25,0.00,0.00
18,2019-05-12,62,26,0.10,0.00
18,2019-05-13,65,29,0.00,0.00
18,2019-05-14,62,30,0.00,0.00
18,2019-05-15,60,35,0.00,0.00
18,2019-05-16,60,33,0.40,0.00
18,2019-05-17,44,32,0.20,0.00
18,2019-05-18,47,31,0.10,0.00
18,2019-05-19,47,31,0.10,0.00
18,2019-05-20,45,28,0.00,0.00
18,2019-05-21,43,28,0.20,0.00
18,2019-05-22,43,30,0.00,0.00
18,2019-05-23,47,31,0.00,0.00
18,2019-05-24,47,32,0.30,0.00
18,2019-05-25,52,33,0.00,0.00
18,2019-05-26,57,31,0.10,0.00
18,2019-05-27,47,30,0.10,0.00
18,2019-05-28,55,28,0.00,0.00
18,2019-05-29,60,26,0.00,0.00
18,2019-05-30,61,28,0.00,0.00
18,2019-05-31,62,29,0.00,0.00
18,2019-06-01,62,29,0.10,0.00
18,2019-06-02,65,32,0.00,0.00
18,2019-06-03,62,33,0.00,0.00
18,2019-06-04,67,33,0.00,0.00
18,2019-06-05,65,34,0.00,0.00
18,2019-06-06,62,31,0.30,0.00
18,2019-06-07,49,31,0.60,0.00
18,2019-06-08,44,27,0.20,0.00
18,2019-06-09,46,24,0.00,0.00
18,2019-06-10,58,28,0.00,0.00
18,2019-06-11,63,35,0.00,0.00
18,2019-06-12,68,35,0.00,0.00
18,2019-06-13,64,37,0.20,0.00
18,2019-06-14,64,37,0.00,0.00
18,2019-06-15,67,36,0.00,0.00
18,2019-06-16,65,33,0.00,0.00
18,2019-06-17,67,37,0.00,0.00
18,2019-06-18,63,35,0.00,0.00
18,2019-06-19,59,32,0.00,0.00
18,2019-06-20,49,29,0.10,0.00
18,2019-06-21,50,26,0.00,0.00
18,2019-06-22,49,23,0.10,0.00
18,2019-06-23,54,28,0.00,0.00
18,2019-06-24,58,32,0.00,0.00
18,2019-06-25,64,31,0.00,0.00
18,2019-06-26,67,36,0.20,0.00
18,2019-06-27,69,34,0.00,0.00
18,2019-06-28,72,35,0.00,0.00
18,2019-06-29,67,35,0.00,0.00
18,2019-06-30,73,34,0.00,0.00
18,2019-07-01,70,38,0.00,0.00
18,2019-07-02,71,37,0.00,0.00
18,2019-07-03,67,43,0.10,0.00
18,2019-07-04,63,34,0.00,0.00
18,2019-07-05,66,37,0.10,0.00
18,2019-07-06,70,33,0.00,0.00
18,2019-07-07,72,35,0.10,0.00
18,2019-07-08,64,38,0.10,0.00
18,2019-07-09,61,34,0.10,0.00
18,2019-07-10,73,32,0.00,0.00
18,2019-07-11,77,40,0.00,0.00
18,2019-07-12,79,41,0.00,0.00
18,2019-07-13,75,40,0.00,0.00
18,2019-07-14,77,42,0.00,0.00
18,2019-07-15,74,38,0.00,0.00
18,2019-07-16,71,39,0.10,0.00
18,2019-07-17,68,35,0.00,0.00
18,2019-07-18,67,42,0.00,0.00
18,2019-07-19,67,39,0.00,0.00
18,2019-07-20,72,31,0.00,0.00
18,2019-07-21,79,36,0.00,0.00
18,2019-07-22,79,41,0.00,0.00
18,2019-07-23,77,41,0.05,0.00
18,2019-07-24,75,37,0.00,0.00
18,2019-07-25,74,37,0.00,0.00
18,2019-07-26,75,46,0.02,0.00
18,2019-07-27,69,40,0.07,0.00
18,2019-07-28,72,39,0.00,0.00
18,2019-07-29,73,41,0.00,0.00
18,2019-07-30,75,42,0.00,0.00
18,2019-07-31,77,46,0.00,0.00
19,2019-05-01,37,10,0.00,0.00
19,2019-05-02,36,13,0.20,0.00
19,2019-05-03,46,10,0.10,0.00
19,2019-05-04,50,23,0.00,0.00
19,2019-05-05,53,29,0.00,0.00
19,2019-05-06,55,28,0.00,0.00
19,2019-05-07,44,24,0.20,0.00
19,2019-05-08,42,22,0.00,0.00
19,2019-05-09,44,17,0.00,0.00
19,2019-05-10,48,15,0.00,0.00
19,2019-05-11,52,25,0.00,0.00
19,2019-05-12,57,31,0.00,0.00
19,2019-05-13,60,31,0.00,0.00
19,2019-05-14,59,32,0.00,0.00
19,2019-05-15,60,33,0.00,0.00
19,2019-05-16,60,33,0.20,0.00
19,2019-05-17,42,27,0.40,0.00
19,2019-05-18,45,24,0.10,0.00
19,2019-05-19,50,26,0.00,0.00
19,2019-05-20,45,24,0.00,0.00
19,2019-05-21,41,21,0.20,0.00
19,2019-05-22,37,24,0.10,0.00
19,2019-05-23,42,27,0.10,0.00
19,2019-05-24,47,29,0.50,0.00
19,2019-05-25,52,30,0.00,0.00
19,2019-05-26,55,30,0.00,0.00
19,2019-05-27,43,31,0.10,0.00
19,2019-05-28,46,30,0.00,0.00
19,2019-05-29,58,24,0.00,0.00
19,2019-05-30,59,29,0.00,0.00
19,2019-05-31,60,31,0.00,0.00
19,2019-06-01,60,31,0.00,0.00
19,2019-06-02,53,33,0.00,0.00
19,2019-06-03,59,32,0.10,0.00
19,2019-06-04,63,35,0.00,0.00
19,2019-06-05,62,35,0.00,0.00
19,2019-06-06,59,34,0.00,0.00
19,2019-06-07,53,28,0.90,0.00
19,2019-06-08,40,21,0.10,0.00
19,2019-06-09,47,18,0.00,0.00
19,2019-06-10,55,26,0.00,0.00
19,2019-06-11,59,35,0.10,0.00
19,2019-06-12,64,34,0.10,0.00
19,2019-06-13,62,36,0.20,0.00
19,2019-06-14,60,36,0.00,0.00
19,2019-06-15,63,36,0.00,0.00
19,2019-06-16,63,34,0.10,0.00
19,2019-06-17,60,34,0.10,0.00
19,2019-06-18,57,35,0.00,0.00
19,2019-06-19,57,31,0.00,0.00
19,2019-06-20,47,27,0.00,0.00
19,2019-06-21,44,22,0.10,0.00
19,2019-06-22,48,22,0.00,0.00
19,2019-06-23,50,30,0.00,0.00
19,2019-06-24,52,34,0.00,0.00
19,2019-06-25,59,31,0.00,0.00
19,2019-06-26,65,39,0.00,0.00
19,2019-06-27,65,38,0.00,0.00
19,2019-06-28,68,40,0.00,0.00
19,2019-06-29,65,39,0.00,0.00
19,2019-06-30,65,40,0.00,0.00
19,2019-07-01,65,40,0.00,0.00
19,2019-07-02,66,40,0.00,0.00
19,2019-07-03,62,40,0.40,0.00
19,2019-07-04,59,36,0.10,0.00
19,2019-07-05,60,38,0.00,0.00
19,2019-07-06,66,39,0.00,0.00
19,2019-07-07,67,42,0.00,0.00
19,2019-07-08,58,35,0.20,0.00
19,2019-07-09,56,33,0.30,0.00
19,2019-07-10,68,35,0.00,0.00
19,2019-07-11,73,43,0.00,0.00
19,2019-07-12,74,47,0.00,0.00
19,2019-07-13,72,46,0.00,0.00
19,2019-07-14,71,43,0.00,0.00
19,2019-07-15,68,43,0.00,0.00
19,2019-07-16,66,40,0.10,0.00
19,2019-07-17,62,38,0.00,0.00
19,2019-07-18,65,43,0.00,0.00
19,2019-07-19,65,42,0.00,0.00
19,2019-07-20,67,36,0.00,0.00
19,2019-07-21,77,36,0.00,0.00
19,2019-07-22,77,41,0.00,0.00
19,2019-07-23,76,42,0.00,0.00
19,2019-07-24,65,36,0.00,0.00
19,2019-07-25,66,37,0.00,0.00
19,2019-07-26,68,41,0.20,0.00
19,2019-07-27,61,37,0.40,0.00
19,2019-07-28,64,38,0.00,0.00
19,2019-07-29,66,40,0.20,0.00
19,2019-07-30,67,40,0.10,0.00
19,2019-07-31,69,41,0.00,0.00
20,2019-05-01,65,42,0.28,0.00
20,2019-05-02,67,44,0.00,0.00
20,2019-05-03,75,44,0.00,0.00
20,2019-05-04,77,51,0.00,0.00
20,2019-05-05,82,55,0.00,0.00
20,2019-05-06,85,55,0.00,0.00
20,2019-05-07,85,49,0.00,0.00
20,2019-05-08,79,47,0.52,0.00
20,2019-05-09,66,48,0.54,0.00
20,2019-05-10,73,47,0.61,0.00
20,2019-05-11,72,48,0.00,0.00
20,2019-05-12,78,53,0.00,0.00
20,2019-05-13,83,53,0.00,0.00
20,2019-05-14,88,55,0.00,0.00
20,2019-05-15,87,58,0.00,0.00
20,2019-05-16,86,50,0.00,0.00
20,2019-05-17,76,42,0.39,0.00
20,2019-05-18,59,42,0.00,0.00
20,2019-05-19,73,44,0.00,0.00
20,2019-05-20,61,39,0.97,0.00
20,2019-05-21,56,39,0.18,0.00
20,2019-05-22,64,43,0.00,0.00
20,2019-05-23,62,42,0.08,0.00
20,2019-05-24,56,45,0.25,0.00
20,2019-05-25,71,49,0.00,0.00
20,2019-05-26,79,46,0.00,0.00
20,2019-05-27,77,45,0.35,0.00
20,2019-05-28,48,46,0.32,0.00
20,2019-05-29,66,43,0.00,0.00
20,2019-05-30,78,45,0.00,0.00
20,2019-05-31,83,56,0.00,0.00
20,2019-06-01,88,57,0.00,0.00
20,2019-06-02,88,55,0.00,0.00
20,2019-06-03,87,57,0.00,0.00
20,2019-06-04,89,57,0.00,0.00
20,2019-06-05,94,58,0.00,0.00
20,2019-06-06,95,64,0.00,0.00
20,2019-06-07,95,58,0.00,0.00
20,2019-06-08,89,58,0.00,0.00
20,2019-06-09,84,49,0.00,0.00
20,2019-06-10,92,44,0.00,0.00
20,2019-06-11,95,57,0.00,0.00
20,2019-06-12,98,65,0.00,0.00
20,2019-06-13,100,64,0.00,0.00
20,2019-06-14,100,61,0.00,0.00
20,2019-06-15,95,63,0.00,0.00
20,2019-06-16,97,63,0.01,0.00
20,2019-06-17,94,58,0.00,0.00
20,2019-06-18,89,59,0.00,0.00
20,2019-06-19,93,60,0.00,0.00
20,2019-06-20,95,60,0.00,0.00
20,2019-06-21,96,59,0.00,0.00
20,2019-06-22,88,48,0.00,0.00
20,2019-06-23,83,50,0.00,0.00
20,2019-06-24,88,52,0.00,0.00
20,2019-06-25,95,58,0.00,0.00
20,2019-06-26,97,57,0.00,0.00
20,2019-06-27,96,52,0.00,0.00
20,2019-06-28,97,51,0.00,0.00
20,2019-06-29,100,67,0.00,0.00
20,2019-06-30,100,58,0.00,0.00
20,2019-07-01,93,66,0.00,0.00
20,2019-07-02,100,66,0.00,0.00
20,2019-07-03,99,65,0.00,0.00
20,2019-07-04,98,64,0.00,0.00
20,2019-07-05,97,65,0.00,0.00
20,2019-07-06,98,65,0.00,0.00
20,2019-07-07,100,57,0.00,0.00
20,2019-07-08,95,60,0.00,0.00
20,2019-07-09,96,59,0.00,0.00
20,2019-07-10,98,65,0.00,0.00
20,2019-07-11,104,66,0.00,0.00
20,2019-07-12,104,75,0.00,0.00
20,2019-07-13,102,79,0.01,0.00
20,2019-07-14,99,74,0.00,0.00
20,2019-07-15,100,55,0.00,0.00
20,2019-07-16,102,71,0.00,0.00
20,2019-07-17,103,65,0.00,0.00
20,2019-07-18,99,69,0.00,0.00
20,2019-07-19,101,70,0.00,0.00
20,2019-07-20,101,69,0.00,0.00
20,2019-07-21,99,50,0.00,0.00
20,2019-07-22,99,54,0.00,0.00
20,2019-07-23,97,64,0.00,0.00
20,2019-07-24,96,71,0.15,0.00
20,2019-07-25,95,69,0.09,0.00
20,2019-07-26,95,68,0.04,0.00
20,2019-07-27,96,69,0.00,0.00
20,2019-07-28,100,70,0.00,0.00
20,2019-07-29,102,72,0.00,0.00
20,2019-07-30,99,68,0.00,0.00
20,2019-07-31,94,71,0.00,0.00
21,2019-05-01,48,27,0.21,0.00
21,2019-05-02,53,26,0.00,0.00
21,2019-05-03,57,27,0.00,0.00
21,2019-05-04,60,30,0.00,0.00
21,2019-05-05,61,33,0.00,0.00
21,2019-05-06,60,32,0.00,0.00
21,2019-05-07,53,37,0.01,0.00
21,2019-05-08,50,36,0.15,0.00
21,2019-05-09,45,34,0.09,0.00
21,2019-05-10,50,31,0.65,0.00
21,2019-05-11,54,30,0.00,0.00
21,2019-05-12,62,34,0.00,0.00
21,2019-05-13,65,37,0.00,0.00
21,2019-05-14,64,40,0.00,0.00
21,2019-05-15,62,38,0.00,0.00
21,2019-05-16,54,34,0.21,0.00
21,2019-05-17,39,30,0.01,0.00
21,2019-05-18,48,27,0.00,0.00
21,2019-05-19,43,30,0.15,0.00
21,2019-05-20,40,28,0.37,0.00
21,2019-05-21,44,28,0.05,0.00
21,2019-05-22,42,27,0.00,0.00
21,2019-05-23,35,29,0.00,0.00
21,2019-05-24,46,31,0.00,0.00
21,2019-05-25,56,29,0.00,0.00
21,2019-05-26,54,29,0.00,0.00
21,2019-05-27,41,31,0.34,0.00
21,2019-05-28,46,33,0.16,0.00
21,2019-05-29,54,31,0.00,0.00
21,2019-05-30,59,35,0.00,0.00
21,2019-05-31,66,36,0.01,0.00
21,2019-06-01,65,37,0.00,0.00
21,2019-06-02,63,36,0.00,0.00
21,2019-06-03,66,38,0.00,0.00
21,2019-06-04,68,48,0.00,0.00
21,2019-06-05,72,49,0.00,0.00
21,2019-06-06,72,46,0.00,0.00
21,2019-06-07,68,45,0.00,0.00
21,2019-06-08,63,44,0.00,0.00
21,2019-06-09,70,33,0.00,0.00
21,2019-06-10,71,35,0.00,0.00
21,2019-06-11,74,44,0.00,0.00
21,2019-06-12,77,47,0.00,0.00
21,2019-06-13,77,43,0.00,0.00
21,2019-06-14,70,41,0.00,0.00
21,2019-06-15,72,47,0.00,0.00
21,2019-06-16,71,45,0.20,0.00
21,2019-06-17,69,41,0.11,0.00
21,2019-06-18,68,45,0.00,0.00
21,2019-06-19,73,44,0.00,0.00
21,2019-06-20,73,49,0.00,0.00
21,2019-06-21,63,46,0.00,0.00
21,2019-06-22,58,34,0.00,0.00
21,2019-06-23,65,35,0.00,0.00
21,2019-06-24,71,37,0.00,0.00
21,2019-06-25,72,38,0.00,0.00
21,2019-06-26,72,37,0.00,0.00
21,2019-06-27,73,38,0.00,0.00
21,2019-06-28,77,34,0.00,0.00
21,2019-06-29,77,40,0.00,0.00
21,2019-06-30,70,48,0.00,0.00
21,2019-07-01,75,44,0.00,0.00
21,2019-07-02,76,43,0.00,0.00
21,2019-07-03,75,40,0.00,0.00
21,2019-07-04,73,38,0.00,0.00
21,2019-07-05,76,39,0.00,0.00
21,2019-07-06,76,46,0.00,0.00
21,2019-07-07,73,43,0.00,0.00
21,2019-07-08,71,41,0.00,0.00
21,2019-07-09,75,38,0.00,0.00
21,2019-07-10,80,42,0.00,0.00
21,2019-07-11,84,48,0.00,0.00
21,2019-07-12,82,52,0.00,0.00
21,2019-07-13,79,51,0.00,0.00
21,2019-07-14,81,49,0.00,0.00
21,2019-07-15,80,46,0.00,0.00
21,2019-07-16,81,47,0.00,0.00
21,2019-07-17,76,47,0.00,0.00
21,2019-07-18,77,54,0.00,0.00
21,2019-07-19,80,54,0.00,0.00
21,2019-07-20,79,45,0.00,0.00
21,2019-07-21,80,44,0.00,0.00
21,2019-07-22,82,48,0.00,0.00
21,2019-07-23,74,58,0.00,0.00
21,2019-07-24,79,56,0.30,0.00
21,2019-07-25,80,53,0.10,0.00
21,2019-07-26,81,55,0.11,0.00
21,2019-07-27,83,56,0.00,0.00
21,2019-07-28,85,58,0.00,0.00
21,2019-07-29,87,59,0.00,0.00
21,2019-07-30,84,57,0.00,0.00
21,2019-07-31,81,62,0.00,0.00
22,2019-05-01,50,24,0.00,0.00
22,2019-05-02,57,25,0.00,0.00
22,2019-05-03,59,30,0.00,0.00
22,2019-05-04,61,29,0.00,0.00
22,2019-05-05,59,30,0.00,0.00
22,2019-05-06,58,31,0.00,0.00
22,2019-05-07,59,32,0.02,0.00
22,2019-05-08,61,31,0.00,0.00
22,2019-05-09,57,31,0.05,0.00
22,2019-05-10,55,34,0.16,0.00
22,2019-05-11,62,31,0.00,0.00
22,2019-05-12,64,32,0.00,0.00
22,2019-05-13,60,33,0.00,0.00
22,2019-05-14,58,30,0.00,0.00
22,2019-05-15,43,33,0.08,0.00
22,2019-05-16,45,25,0.98,0.00
22,2019-05-17,47,23,0.39,0.00
22,2019-05-18,50,23,0.01,0.00
22,2019-05-19,37,18,0.68,0.00
22,2019-05-20,47,14,0.04,0.00
22,2019-05-21,37,26,0.28,0.00
22,2019-05-22,49,24,0.21,0.00
22,2019-05-23,44,31,0.15,0.00
22,2019-05-24,57,28,0.00,0.00
22,2019-05-25,50,31,0.14,0.00
22,2019-05-26,35,20,0.48,0.00
22,2019-05-27,45,21,0.00,0.00
22,2019-05-28,60,28,0.00,0.00
22,2019-05-29,60,31,0.00,0.00
22,2019-05-30,59,29,0.00,0.00
22,2019-05-31,58,31,0.12,0.00
22,2019-06-01,58,32,0.00,0.00
22,2019-06-02,63,33,0.06,0.00
22,2019-06-03,66,35,0.00,0.00
22,2019-06-04,70,38,0.00,0.00
22,2019-06-05,70,40,0.00,0.00
22,2019-06-06,62,42,0.00,0.00
22,2019-06-07,56,32,0.00,0.00
22,2019-06-08,67,29,0.00,0.00
22,2019-06-09,71,37,0.00,0.00
22,2019-06-10,72,40,0.00,0.00
22,2019-06-11,74,42,0.00,0.00
22,2019-06-12,74,44,0.00,0.00
22,2019-06-13,69,40,0.00,0.00
22,2019-06-14,70,38,0.00,0.00
22,2019-06-15,69,43,0.00,0.00
22,2019-06-16,69,38,0.00,0.00
22,2019-06-17,71,41,0.00,0.00
22,2019-06-18,74,41,0.00,0.00
22,2019-06-19,74,43,0.00,0.00
22,2019-06-20,67,40,0.00,0.00
22,2019-06-21,61,37,0.00,0.00
22,2019-06-22,66,35,0.00,0.00
22,2019-06-23,65,39,0.00,0.00
22,2019-06-24,67,41,0.00,0.00
22,2019-06-25,67,38,0.00,0.00
22,2019-06-26,60,36,0.00,0.00
22,2019-06-27,59,34,0.00,0.00
22,2019-06-28,56,32,0.00,0.00
22,2019-06-29,66,32,0.00,0.00
22,2019-06-30,66,38,0.00,0.00
22,2019-07-01,67,37,0.00,0.00
22,2019-07-02,67,37,0.00,0.00
22,2019-07-03,65,39,0.00,0.00
22,2019-07-04,67,35,0.00,0.00
22,2019-07-05,70,41,0.00,0.00
22,2019-07-06,71,41,0.00,0.00
22,2019-07-07,65,39,0.00,0.00
22,2019-07-08,66,39,0.00,0.00
22,2019-07-09,70,40,0.00,0.00
22,2019-07-10,73,44,0.00,0.00
22,2019-07-11,75,47,0.00,0.00
22,2019-07-12,76,47,0.00,0.00
22,2019-07-13,77,45,0.00,0.00
22,2019-07-14,73,46,0.00,0.00
22,2019-07-15,74,43,0.00,0.00
22,2019-07-16,71,42,0.00,0.00
22,2019-07-17,74,43,0.00,0.00
22,2019-07-18,74,46,0.00,0.00
22,2019-07-19,72,42,0.00,0.00
22,2019-07-20,73,45,0.00,0.00
22,2019-07-21,72,46,0.00,0.00
22,2019-07-22,78,46,0.00,0.00
22,2019-07-23,75,41,0.00,0.00
22,2019-07-24,65,42,0.00,0.00
22,2019-07-25,65,40,0.04,0.00
22,2019-07-26,64,43,0.00,0.00
22,2019-07-27,68,44,0.00,0.00
22,2019-07-28,72,46,0.00,0.00
22,2019-07-29,70,43,0.00,0.00
22,2019-07-30,70,43,0.00,0.00
22,2019-07-31,67,40,0.00,0.00
23,2019-05-01,63,40,0.00,0.00
23,2019-05-02,66,41,0.00,0.00
23,2019-05-03,69,44,0.00,0.00
23,2019-05-04,71,44,0.00,0.00
23,2019-05-05,71,45,0.00,0.00
23,2019-05-06,69,44,0.00,0.00
23,2019-05-07,66,43,1.00,0.00
23,2019-05-08,68,42,0.05,0.00
23,2019-05-09,73,45,0.00,0.00
23,2019-05-10,68,42,0.25,0.00
23,2019-05-11,69,43,0.00,0.00
23,2019-05-12,71,44,0.00,0.00
23,2019-05-13,75,47,0.00,0.00
23,2019-05-14,73,47,0.00,0.00
23,2019-05-15,71,49,0.00,0.00
23,2019-05-16,59,36,1.01,0.00
23,2019-05-17,51,36,0.53,0.00
23,2019-05-18,56,38,0.01,0.00
23,2019-05-19,57,39,0.51,0.00
23,2019-05-20,47,31,0.30,0.00
23,2019-05-21,56,33,0.14,0.00
23,2019-05-22,46,36,0.43,0.00
23,2019-05-23,57,38,0.02,0.00
23,2019-05-24,52,42,0.18,0.00
23,2019-05-25,63,41,0.15,0.00
23,2019-05-26,64,38,0.23,0.00
23,2019-05-27,42,35,0.38,0.00
23,2019-05-28,52,36,0.01,0.00
23,2019-05-29,65,40,0.00,0.00
23,2019-05-30,73,44,0.02,0.00
23,2019-05-31,72,49,0.12,0.00
23,2019-06-01,70,47,0.06,0.00
23,2019-06-02,76,48,0.00,0.00
23,2019-06-03,81,48,0.11,0.00
23,2019-06-04,85,54,0.00,0.00
23,2019-06-05,87,54,0.00,0.00
23,2019-06-06,83,55,0.00,0.00
23,2019-06-07,75,47,0.00,0.00
23,2019-06-08,78,46,0.00,0.00
23,2019-06-09,84,51,0.00,0.00
23,2019-06-10,85,57,0.00,0.00
23,2019-06-11,63,54,0.00,0.00
23,2019-06-12,70,58,0.00,0.00
23,2019-06-13,64,57,0.00,0.00
23,2019-06-14,64,54,0.00,0.00
23,2019-06-15,70,56,0.00,0.00
23,2019-06-16,58,54,0.00,0.00
23,2019-06-17,66,54,0.00,0.00
23,2019-06-18,59,55,0.00,0.00
23,2019-06-19,83,57,0.00,0.00
23,2019-06-20,86,56,0.00,0.00
23,2019-06-21,81,53,0.00,0.00
23,2019-06-22,77,52,0.00,0.00
23,2019-06-23,85,54,0.00,0.00
23,2019-06-24,81,63,0.00,0.00
23,2019-06-25,81,54,0.00,0.00
23,2019-06-26,80,51,0.00,0.00
23,2019-06-27,76,49,0.00,0.00
23,2019-06-28,74,55,0.00,0.00
23,2019-06-29,69,49,0.00,0.00
23,2019-06-30,80,50,0.00,0.00
23,2019-07-01,81,50,0.00,0.00
23,2019-07-02,85,52,0.00,0.00
23,2019-07-03,85,50,0.00,0.00
23,2019-07-04,86,52,0.00,0.00
23,2019-07-05,90,54,0.00,0.00
23,2019-07-06,89,57,0.00,0.00
23,2019-07-07,86,55,0.00,0.00
23,2019-07-08,78,53,0.00,0.00
23,2019-07-09,81,51,0.00,0.00
23,2019-07-10,82,52,0.00,0.00
23,2019-07-11,85,52,0.00,0.00
23,2019-07-12,88,56,0.00,0.00
23,2019-07-13,90,59,0.00,0.00
23,2019-07-14,91,59,0.00,0.00
23,2019-07-15,89,59,0.00,0.00
23,2019-07-16,89,58,0.00,0.00
23,2019-07-17,86,54,0.00,0.00
23,2019-07-18,86,56,0.00,0.00
23,2019-07-19,89,58,0.00,0.00
23,2019-07-20,89,56,0.00,0.00
23,2019-07-21,92,58,0.00,0.00
23,2019-07-22,98,58,0.00,0.00
23,2019-07-23,95,61,0.00,0.00
23,2019-07-24,96,63,0.04,0.00
23,2019-07-25,88,62,0.08,0.00
23,2019-07-26,87,59,0.06,0.00
23,2019-07-27,90,58,0.00,0.00
23,2019-07-28,93,59,0.00,0.00
23,2019-07-29,91,58,0.00,0.00
23,2019-07-30,93,60,0.00,0.00
23,2019-07-31,97,60,0.00,0.00
24,2019-05-01,52,35,0.00,0.00
24,2019-05-02,56,32,0.00,0.00
24,2019-05-03,62,32,0.00,0.00
24,2019-05-04,62,37,0.00,0.00
24,2019-05-05,65,37,0.00,0.00
24,2019-05-06,61,37,0.02,0.00
24,2019-05-07,54,37,0.00,0.00
24,2019-05-08,60,37,0.01,0.00
24,2019-05-09,65,37,0.16,0.00
24,2019-05-10,65,36,0.50,0.00
24,2019-05-11,65,36,0.00,0.00
24,2019-05-12,65,36,0.00,0.00
24,2019-05-13,69,36,0.00,0.00
24,2019-05-14,69,36,0.00,0.00
24,2019-05-15,66,42,0.00,0.00
24,2019-05-16,66,37,1.50,0.00
24,2019-05-17,43,32,0.59,0.20
24,2019-05-18,45,31,0.02,0.00
24,2019-05-19,36,31,0.20,0.10
24,2019-05-20,39,27,0.40,0.30
24,2019-05-21,46,27,0.05,0.00
24,2019-05-22,41,31,0.55,0.20
24,2019-05-23,45,32,0.07,0.00
24,2019-05-24,47,37,0.01,0.00
24,2019-05-25,53,36,0.07,0.00
24,2019-05-26,56,33,0.11,0.00
24,2019-05-27,56,30,0.26,0.00
24,2019-05-28,56,30,0.00,0.00
24,2019-05-29,61,38,0.00,0.00
24,2019-05-30,65,40,0.00,0.00
24,2019-05-31,67,37,0.00,0.00
24,2019-06-01,66,41,0.07,0.00
24,2019-06-02,64,46,0.06,0.00
24,2019-06-03,72,43,0.47,0.00
24,2019-06-04,75,51,0.12,0.00
24,2019-06-05,78,54,0.00,0.00
24,2019-06-06,71,51,0.00,0.00
24,2019-06-07,72,43,0.02,0.00
24,2019-06-08,65,39,0.00,0.00
24,2019-06-09,68,41,0.00,0.00
24,2019-06-10,78,41,0.00,0.00
24,2019-06-11,83,58,0.00,0.00
24,2019-06-12,83,41,0.00,0.00
24,2019-06-13,78,50,0.00,0.00
24,2019-06-14,76,52,0.00,0.00
24,2019-06-15,76,53,0.00,0.00
24,2019-06-16,75,53,0.13,0.00
24,2019-06-17,76,51,0.12,0.00
24,2019-06-18,82,54,0.00,0.00
24,2019-06-19,81,55,0.00,0.00
24,2019-06-20,81,52,0.00,0.00
24,2019-06-21,81,47,0.00,0.00
24,2019-06-22,68,46,0.00,0.00
24,2019-06-23,72,46,0.00,0.00
24,2019-06-24,76,49,0.00,0.00
24,2019-06-25,77,48,0.00,0.00
24,2019-06-26,69,44,0.00,0.00
24,2019-06-27,67,42,0.00,0.00
24,2019-06-28,68,40,0.09,0.00
24,2019-06-29,73,43,0.00,0.00
24,2019-06-30,74,46,0.00,0.00
24,2019-07-01,75,44,0.00,0.00
24,2019-07-02,75,44,0.00,0.00
24,2019-07-03,72,46,0.00,0.00
24,2019-07-04,74,45,0.00,0.00
24,2019-07-05,74,45,0.00,0.00
24,2019-07-06,78,49,0.00,0.00
24,2019-07-07,77,49,0.00,0.00
24,2019-07-08,71,45,0.00,0.00
24,2019-07-09,72,44,0.00,0.00
24,2019-07-10,76,50,0.00,0.00
24,2019-07-11,79,53,0.00,0.00
24,2019-07-12,80,50,0.00,0.00
24,2019-07-13,81,51,0.00,0.00
24,2019-07-14,84,52,0.00,0.00
24,2019-07-15,85,51,0.00,0.00
24,2019-07-16,78,54,0.00,0.00
24,2019-07-17,79,51,0.00,0.00
24,2019-07-18,80,54,0.00,0.00
24,2019-07-19,78,55,0.02,0.00
24,2019-07-20,77,50,0.00,0.00
24,2019-07-21,83,54,0.05,0.00
24,2019-07-22,86,53,0.00,0.00
24,2019-07-23,84,59,0.01,0.00
24,2019-07-24,85,64,0.00,0.00
24,2019-07-25,85,62,0.04,0.00
24,2019-07-26,84,65,0.00,0.00
24,2019-07-27,88,66,0.00,0.00
24,2019-07-28,92,68,0.00,0.00
24,2019-07-29,90,65,0.00,0.00
24,2019-07-30,90,65,0.00,0.00
24,2019-07-31,87,57,0.00,0.00
25,2019-05-01,50,30,0.00,0.00
25,2019-05-02,55,26,0.00,0.00
25,2019-05-03,61,28,0.00,0.00
25,2019-05-04,62,31,0.00,0.00
25,2019-05-05,64,31,0.00,0.00
25,2019-05-06,64,29,0.00,0.00
25,2019-05-07,62,34,0.00,0.00
25,2019-05-08,63,34,0.00,0.00
25,2019-05-09,63,33,0.00,0.00
25,2019-05-10,61,34,0.42,0.00
25,2019-05-11,46,28,0.00,0.00
25,2019-05-12,63,31,0.00,0.00
25,2019-05-13,68,46,0.00,0.00
25,2019-05-14,60,40,0.00,0.00
25,2019-05-15,62,43,0.00,0.00
25,2019-05-16,51,27,0.78,1.80
25,2019-05-17,44,30,1.90,0.90
25,2019-05-18,47,26,0.00,0.00
25,2019-05-19,52,27,0.22,0.20
25,2019-05-20,39,23,0.12,0.30
25,2019-05-21,48,29,0.19,0.10
25,2019-05-22,40,27,0.60,0.30
25,2019-05-23,42,32,3.30,0.60
25,2019-05-24,42,31,0.12,0.00
25,2019-05-25,53,37,0.02,0.00
25,2019-05-26,54,30,0.02,0.00
25,2019-05-27,40,25,0.24,0.10
25,2019-05-28,54,31,0.00,0.00
25,2019-05-29,58,31,0.00,0.00
25,2019-05-30,63,32,0.00,0.00
25,2019-05-31,61,34,0.09,0.00
25,2019-06-01,54,32,0.10,0.00
25,2019-06-02,60,34,0.26,0.00
25,2019-06-03,58,37,0.01,0.00
25,2019-06-04,64,38,0.00,0.00
25,2019-06-05,55,42,0.00,0.00
25,2019-06-06,59,50,0.02,0.00
25,2019-06-07,67,47,0.00,0.00
25,2019-06-08,61,28,0.00,0.00
25,2019-06-09,68,32,0.00,0.00
25,2019-06-10,68,49,0.00,0.00
25,2019-06-11,78,40,0.00,0.00
25,2019-06-12,79,50,0.00,0.00
25,2019-06-13,79,50,0.00,0.00
25,2019-06-14,74,43,0.00,0.00
25,2019-06-15,75,44,0.00,0.00
25,2019-06-16,75,55,0.00,0.00
25,2019-06-17,73,42,0.00,0.00
25,2019-06-18,72,41,0.00,0.00
25,2019-06-19,77,42,0.00,0.00
25,2019-06-20,77,55,0.00,0.00
25,2019-06-21,77,41,0.00,0.00
25,2019-06-22,70,58,0.00,0.00
25,2019-06-23,69,43,0.00,0.00
25,2019-06-24,71,55,0.00,0.00
25,2019-06-25,77,38,0.00,0.00
25,2019-06-26,71,43,0.00,0.00
25,2019-06-27,73,35,0.00,0.00
25,2019-06-28,74,33,0.00,0.00
25,2019-06-29,77,36,0.00,0.00
25,2019-06-30,76,36,0.00,0.00
25,2019-07-01,79,33,0.00,0.00
25,2019-07-02,79,31,0.00,0.00
25,2019-07-03,74,40,0.00,0.00
25,2019-07-04,78,39,0.00,0.00
25,2019-07-05,80,43,0.00,0.00
25,2019-07-06,81,37,0.00,0.00
25,2019-07-07,74,42,0.00,0.00
25,2019-07-08,76,44,0.14,0.00
25,2019-07-09,81,38,0.00,0.00
25,2019-07-10,82,42,0.00,0.00
25,2019-07-11,76,42,0.00,0.00
25,2019-07-12,86,45,0.00,0.00
25,2019-07-13,84,40,0.00,0.00
25,2019-07-14,81,43,0.00,0.00
25,2019-07-15,83,33,0.00,0.00
25,2019-07-16,82,37,0.00,0.00
25,2019-07-17,85,47,0.00,0.00
25,2019-07-18,85,42,0.00,0.00
25,2019-07-19,85,42,0.00,0.00
25,2019-07-20,85,49,0.00,0.00
25,2019-07-21,87,48,0.00,0.00
25,2019-07-22,87,47,0.00,0.00
25,2019-07-23,76,48,0.06,0.00
25,2019-07-24,80,47,0.01,0.00
25,2019-07-25,75,45,0.28,0.00
25,2019-07-26,73,47,0.05,0.00
25,2019-07-27,81,48,0.00,0.00
25,2019-07-28,84,47,0.00,0.00
25,2019-07-29,82,46,0.00,0.00
25,2019-07-30,82,46,0.00,0.00
25,2019-07-31,81,44,0.01,0.00
26,2019-05-01,57,33,0.00,0.00
26,2019-05-02,60,32,0.00,0.00
26,2019-05-03,66,36,0.00,0.00
26,2019-05-04,71,38,0.00,0.00
26,2019-05-05,72,40,0.00,0.00
26,2019-05-06,69,38,0.00,0.00
26,2019-05-07,70,40,0.00,0.00
26,2019-05-08,69,42,0.00,0.00
26,2019-05-09,68,41,0.00,0.00
26,2019-05-10,65,39,0.02,0.00
26,2019-05-11,54,34,0.00,0.00
26,2019-05-12,69,39,0.00,0.00
26,2019-05-13,74,44,0.00,0.00
26,2019-05-14,73,40,0.00,0.00
26,2019-05-15,71,48,0.00,0.00
26,2019-05-16,58,35,0.34,2.60
26,2019-05-17,48,33,0.00,0.00
26,2019-05-18,57,32,0.00,0.00
26,2019-05-19,58,31,0.00,0.30
26,2019-05-20,46,26,0.02,0.00
26,2019-05-21,59,33,0.00,0.00
26,2019-05-22,49,30,0.11,0.40
26,2019-05-23,45,35,0.19,0.00
26,2019-05-24,50,34,0.21,0.00
26,2019-05-25,59,37,0.02,0.00
26,2019-05-26,62,39,0.00,0.00
26,2019-05-27,51,32,0.00,0.00
26,2019-05-28,60,42,0.02,0.00
26,2019-05-29,61,38,0.02,0.00
26,2019-05-30,67,39,0.00,0.00
26,2019-05-31,69,39,0.00,0.00
26,2019-06-01,63,38,0.00,0.00
26,2019-06-02,66,39,0.00,0.00
26,2019-06-03,68,44,0.29,0.00
26,2019-06-04,73,46,0.00,0.00
26,2019-06-05,78,51,0.00,0.00
26,2019-06-06,81,53,0.00,0.00
26,2019-06-07,75,42,0.00,0.00
26,2019-06-08,70,34,0.00,0.00
26,2019-06-09,66,38,0.00,0.00
26,2019-06-10,73,46,0.00,0.00
26,2019-06-11,80,49,0.00,0.00
26,2019-06-12,85,53,0.00,0.00
26,2019-06-13,86,54,0.00,0.00
26,2019-06-14,81,50,0.00,0.00
26,2019-06-15,80,51,0.00,0.00
26,2019-06-16,83,51,0.00,0.00
26,2019-06-17,79,47,0.03,0.00
26,2019-06-18,79,48,0.00,0.00
26,2019-06-19,82,50,0.00,0.00
26,2019-06-20,85,52,0.00,0.00
26,2019-06-21,77,42,0.00,0.00
26,2019-06-22,73,39,0.00,0.00
26,2019-06-23,71,42,0.00,0.00
26,2019-06-24,79,49,0.00,0.00
26,2019-06-25,79,50,0.00,0.00
26,2019-06-26,80,48,0.00,0.00
26,2019-06-27,74,50,0.00,0.00
26,2019-06-28,73,45,0.00,0.00
26,2019-06-29,75,44,0.00,0.00
26,2019-06-30,78,48,0.00,0.00
26,2019-07-01,80,49,0.00,0.00
26,2019-07-02,82,48,0.00,0.00
26,2019-07-03,80,49,0.00,0.00
26,2019-07-04,77,45,0.00,0.00
26,2019-07-05,79,47,0.00,0.00
26,2019-07-06,83,51,0.00,0.00
26,2019-07-07,84,51,0.00,0.00
26,2019-07-08,77,48,0.14,0.00
26,2019-07-09,77,50,0.00,0.00
26,2019-07-10,84,53,0.00,0.00
26,2019-07-11,85,55,0.00,0.00
26,2019-07-12,86,45,0.00,0.00
26,2019-07-13,88,54,0.00,0.00
26,2019-07-14,88,54,0.00,0.00
26,2019-07-15,82,52,0.00,0.00
26,2019-07-16,84,51,0.00,0.00
26,2019-07-17,86,53,0.00,0.00
26,2019-07-18,87,56,0.00,0.00
26,2019-07-19,89,57,0.00,0.00
26,2019-07-20,87,56,0.00,0.00
26,2019-07-21,87,59,0.00,0.00
26,2019-07-22,87,47,0.00,0.00
26,2019-07-23,76,48,0.06,0.00
26,2019-07-24,83,53,0.15,0.00
26,2019-07-25,79,52,0.26,0.00
26,2019-07-26,77,51,0.05,0.00
26,2019-07-27,86,55,0.00,0.00
26,2019-07-28,90,54,0.00,0.00
26,2019-07-29,91,53,0.00,0.00
26,2019-07-30,90,53,0.00,0.00
26,2019-07-31,97,53,0.00,0.00
27,2019-05-01,46,23,0.00,0.00
27,2019-05-02,50,27,0.00,0.00
27,2019-05-03,54,32,0.00,0.00
27,2019-05-04,55,34,0.00,0.00
27,2019-05-05,54,36,0.00,0.00
27,2019-05-06,54,34,0.00,0.00
27,2019-05-07,53,34,0.00,0.00
27,2019-05-08,53,35,0.00,0.00
27,2019-05-09,50,30,0.10,0.00
27,2019-05-10,43,29,0.00,0.00
27,2019-05-11,54,33,0.00,0.00
27,2019-05-12,58,38,0.00,0.00
27,2019-05-13,57,39,0.10,0.00
27,2019-05-14,55,39,0.00,0.00
27,2019-05-15,45,35,0.20,0.00
27,2019-05-16,36,25,0.70,0.70
27,2019-05-17,43,23,0.00,0.00
27,2019-05-18,46,26,0.10,0.00
27,2019-05-19,36,23,0.10,0.40
27,2019-05-20,44,22,0.00,0.00
27,2019-05-21,36,25,0.10,0.10
27,2019-05-22,35,24,0.30,0.30
27,2019-05-23,40,30,0.30,0.00
27,2019-05-24,46,28,0.10,0.00
27,2019-05-25,47,30,0.00,0.00
27,2019-05-26,38,27,0.00,0.00
27,2019-05-27,45,28,0.00,0.00
27,2019-05-28,48,34,0.00,0.00
27,2019-05-29,54,33,0.00,0.00
27,2019-05-30,54,33,0.00,0.00
27,2019-05-31,49,33,0.10,0.00
27,2019-06-01,53,34,0.06,0.00
27,2019-06-02,53,36,0.03,0.00
27,2019-06-03,58,38,0.00,0.00
27,2019-06-04,62,42,0.01,0.00
27,2019-06-05,64,44,0.00,0.00
27,2019-06-06,58,37,0.00,0.00
27,2019-06-07,53,31,0.00,0.00
27,2019-06-08,52,27,0.00,0.00
27,2019-06-09,58,33,0.00,0.00
27,2019-06-10,65,42,0.00,0.00
27,2019-06-11,69,46,0.00,0.00
27,2019-06-12,69,48,0.00,0.00
27,2019-06-13,64,45,0.00,0.00
27,2019-06-14,64,43,0.00,0.00
27,2019-06-15,67,45,0.00,0.00
27,2019-06-16,67,43,0.17,0.00
27,2019-06-17,64,44,0.00,0.00
27,2019-06-18,66,45,0.00,0.00
27,2019-06-19,68,48,0.00,0.00
27,2019-06-20,62,46,0.00,0.00
27,2019-06-21,57,34,0.00,0.00
27,2019-06-22,57,32,0.00,0.00
27,2019-06-23,63,38,0.00,0.00
27,2019-06-24,64,43,0.00,0.00
27,2019-06-25,63,44,0.00,0.00
27,2019-06-26,58,41,0.00,0.00
27,2019-06-27,58,41,0.00,0.00
27,2019-06-28,58,39,0.00,0.00
27,2019-06-29,64,39,0.00,0.00
27,2019-06-30,63,43,0.00,0.00
27,2019-07-01,66,44,0.00,0.00
27,2019-07-02,65,44,0.00,0.00
27,2019-07-03,61,42,0.00,0.00
27,2019-07-04,63,38,0.00,0.00
27,2019-07-05,68,44,0.00,0.00
27,2019-07-06,68,47,0.00,0.00
27,2019-07-07,62,45,0.00,0.00
27,2019-07-08,62,42,0.00,0.00
27,2019-07-09,70,45,0.00,0.00
27,2019-07-10,71,48,0.00,0.00
27,2019-07-11,73,50,0.00,0.00
27,2019-07-12,75,51,0.00,0.00
27,2019-07-13,72,51,0.00,0.00
27,2019-07-14,68,51,0.00,0.00
27,2019-07-15,68,48,0.00,0.00
27,2019-07-16,69,49,0.00,0.00
27,2019-07-17,73,47,0.00,0.00
27,2019-07-18,74,50,0.00,0.00
27,2019-07-19,73,50,0.00,0.00
27,2019-07-20,73,49,0.10,0.00
27,2019-07-21,69,68,0.00,0.00
27,2019-07-22,70,67,0.00,0.00
27,2019-07-23,74,70,0.00,0.00
27,2019-07-24,98,68,0.00,0.00
27,2019-07-25,84,67,0.00,0.00
27,2019-07-26,84,67,0.00,0.00
27,2019-07-27,84,67,0.00,0.00
27,2019-07-28,85,65,0.00,0.00
27,2019-07-29,85,65,0.00,0.00
27,2019-07-30,85,66,0.00,0.00
27,2019-07-31,82,68,0.00,0.00
28,2019-05-01,52,35,0.00,0.00
28,2019-05-02,59,38,0.00,0.00
28,2019-05-03,61,43,0.00,0.00
28,2019-05-04,62,46,0.00,0.00
28,2019-05-05,57,41,0.00,0.00
28,2019-05-06,53,40,0.02,0.00
28,2019-05-07,56,39,0.00,0.00
28,2019-05-08,61,46,0.00,0.00
28,2019-05-09,59,41,0.17,0.00
28,2019-05-10,56,42,0.00,0.00
28,2019-05-11,62,45,0.00,0.00
28,2019-05-12,65,48,0.00,0.00
28,2019-05-13,63,51,0.00,0.00
28,2019-05-14,60,49,0.00,0.00
28,2019-05-15,50,38,0.43,0.00
28,2019-05-16,38,28,1.73,0.00
28,2019-05-17,41,27,0.15,0.00
28,2019-05-18,46,31,0.61,0.00
28,2019-05-19,32,26,1.09,0.00
28,2019-05-20,38,26,0.00,0.00
28,2019-05-21,33,30,0.88,0.00
28,2019-05-22,39,29,0.28,0.01
28,2019-05-23,40,36,0.00,0.00
28,2019-05-24,48,36,0.39,0.00
28,2019-05-25,53,39,0.00,0.00
28,2019-05-26,41,28,1.09,0.00
28,2019-05-27,37,27,0.00,0.00
28,2019-05-28,53,33,0.00,0.00
28,2019-05-29,58,42,0.17,0.00
28,2019-05-30,61,46,0.00,0.00
28,2019-05-31,60,47,0.01,0.00
28,2019-06-01,65,46,0.14,0.00
28,2019-06-02,63,47,0.01,0.00
28,2019-06-03,68,53,0.00,0.00
28,2019-06-04,72,58,0.00,0.00
28,2019-06-05,74,59,0.00,0.00
28,2019-06-06,67,49,0.00,0.00
28,2019-06-07,58,47,0.00,0.00
28,2019-06-08,63,45,0.00,0.00
28,2019-06-09,73,55,0.00,0.00
28,2019-06-10,74,61,0.00,0.00
28,2019-06-11,76,62,0.00,0.00
28,2019-06-12,77,63,0.00,0.00
28,2019-06-13,73,58,0.00,0.00
28,2019-06-14,70,56,0.00,0.00
28,2019-06-15,70,59,0.00,0.00
28,2019-06-16,71,57,0.00,0.00
28,2019-06-17,71,59,0.03,0.00
28,2019-06-18,78,63,0.00,0.00
28,2019-06-19,75,61,0.00,0.00
28,2019-06-20,70,54,0.00,0.00
28,2019-06-21,62,51,0.00,0.00
28,2019-06-22,67,52,0.00,0.00
28,2019-06-23,70,54,0.00,0.00
28,2019-06-24,71,56,0.00,0.00
28,2019-06-25,69,52,0.00,0.00
28,2019-06-26,63,49,0.00,0.00
28,2019-06-27,61,46,0.00,0.00
28,2019-06-28,58,47,0.00,0.00
28,2019-06-29,67,49,0.00,0.00
28,2019-06-30,67,54,0.00,0.00
28,2019-07-01,69,53,0.00,0.00
28,2019-07-02,68,53,0.00,0.00
28,2019-07-03,67,52,0.00,0.00
28,2019-07-04,68,53,0.00,0.00
28,2019-07-05,72,55,0.00,0.00
28,2019-07-06,72,56,0.00,0.00
28,2019-07-07,67,54,0.00,0.00
28,2019-07-08,67,53,0.00,0.00
28,2019-07-09,68,54,0.00,0.00
28,2019-07-10,72,55,0.00,0.00
28,2019-07-11,74,61,0.00,0.00
28,2019-07-12,76,61,0.00,0.00
28,2019-07-13,78,62,0.00,0.00
28,2019-07-14,75,62,0.00,0.00
28,2019-07-15,74,60,0.00,0.00
28,2019-07-16,71,56,0.00,0.00
28,2019-07-17,71,56,0.00,0.00
28,2019-07-18,72,57,0.00,0.00
28,2019-07-19,70,57,0.00,0.00
28,2019-07-20,71,58,0.00,0.00
28,2019-07-21,75,45,0.00,0.00
28,2019-07-22,74,47,0.00,0.00
28,2019-07-23,66,49,0.46,0.00
28,2019-07-24,72,47,0.10,0.00
28,2019-07-25,72,46,0.60,0.00
28,2019-07-26,69,44,0.40,0.00
28,2019-07-27,73,50,0.00,0.00
28,2019-07-28,74,49,0.10,0.00
28,2019-07-29,70,49,0.00,0.00
28,2019-07-30,70,48,0.00,0.00
28,2019-07-31,68,46,0.00,0.00